Site,ACTION_IMAGE,ACTION_ITEM_START,ACTION_ITEM_END,ACTION_SLEEP,ACTION_PRECLICK_SLEEP,ACTION_PRECLICK1,ACTION_PRECLICK2,ACTION_PRECLICK3,ACTION_TECH_SEC1,ACTION_TECH_KEY1,ACTION_TECH_VAL1,ACTION_TECH_SEC2,ACTION_TECH_KEY2,ACTION_TECH_VAL2,Title,MRP,Price,FromPrice,Qty,Shipping1,Shipping2,Shipping3,Size1,Size2,Size3,Size4,Size5,Size6,Size7,Size8,Size9,Color1,Color2,Color3,Color4,Color5,Color6,Color7,Seller,Promo,Description,Highlight1,Highlight2,Highlight3,Highlight4,Highlight5,Highlight6,Highlight7,Highlight8,Highlight9,Highlight10,Highlight11,Highlight12,Highlight13,Highlight14,Highlight15,Highlight16,Highlight17,Highlight18,Highlight19,Highlight20,Highlight21,Highlight22,Highlight23,Highlight24,Highlight25,Image0,Image1,Image2,Image3,Image4,Image5,Category1,Category2,Category3,Category4,Category5
MOONBOY,,,,0,0,,,,,,,,,,//h1[@class='single_prdct_title'],//span[@id='mrp_spn'],//span[@id='finl_spn'],,,//div[@class='shipng_spn'],,,,,,,,,,,,,,,,,,,//a[@id='goslr'],,//div[@class='container']/ul/li,,,,,,,,,,,,,,,,,,,,,,,,,,,,,,,,,,,,
PAYTMMALL,REM_?END,,,4000,,,,,//div[@class='UlvO']/div,//div[@class='UlvO']/div[%SEC%]/div[@class='FqsW'][%ROW%]/div[1],//div[@class='UlvO']/div[%SEC%]/div[@class='FqsW'][%ROW%]/div[2],,,,//h1[@class='NZJI'],//span[@class='_2CkE _30zs'],//span[@class='_1d5g'],,//div[@class='_21Qy']/div[@class='_12d4'],//div[@class='_2NWL'][1],//div[@class='_2NWL'][2],//div[@class='_2NWL'][3],//div[@class='_2O-i']/div[@class='_36D_']/select/option[1],//div[@class='_2O-i']/div[@class='_36D_']/select/option[2],//div[@class='_2O-i']/div[@class='_36D_']/select/option[3],//div[@class='_2O-i']/div[@class='_36D_']/select/option[4],//div[@class='_2O-i']/div[@class='_36D_']/select/option[5],//div[@class='_2O-i']/div[@class='_36D_']/select/option[6],//div[@class='_2O-i']/div[@class='_36D_']/select/option[7],//div[@class='_2O-i']/div[@class='_36D_']/select/option[8],//div[@class='_2O-i']/div[@class='_36D_']/select/option[9],,,,,,,,//div[@class='_1REL']/a,//ul[@class='_2A4F'],//div[@class='_1MQ4'],//div[@class='_19Zj _9qaO']//li[1],//div[@class='_19Zj _9qaO']//li[2],//div[@class='_19Zj _9qaO']//li[3],//div[@class='_19Zj _9qaO']//li[4],//div[@class='_19Zj _9qaO']//li[5],//div[@class='_19Zj _9qaO']//li[6],//div[@class='_19Zj _9qaO']//li[7],,,,,,,,,,,,,,,,,,,//img[@class='_3v_O']/@src,"//div[@class='_2EKu'][1]/div[@class='_3_E6']/img[contains(@class,'fPC9')]/@src","//div[@class='_2EKu'][2]/div[@class='_3_E6']/img[contains(@class,'fPC9')]/@src","//div[@class='_2EKu'][2]/div[@class='_3_E6']/img[contains(@class,'fPC9')]/@src","//div[@class='_2EKu'][3]/div[@class='_3_E6']/img[contains(@class,'fPC9')]/@src","//div[@class='_2EKu'][5]/div[@class='_3_E6']/img[contains(@class,'fPC9')]/@src",//div[@class='_2qDd']/span[2],//div[@class='_2qDd']/span[3],//div[@class='_2qDd']/span[4],//div[@class='_2qDd']/span[5],//div[@class='_2qDd']/span[6]
PAYTM,REP_0x90,,,2000,0,,,,//div[@class='ProductDescription']/span,//div[@class='ProductDescription']/span[%SEC%]//li[%ROW%]/span[1],//div[@class='ProductDescription']/span[%SEC%]//li[%ROW%]/span[2],,,,//div[@class='img-description']/h1,//div[@class='buy-bar']/button[1]/span[1]/div/span[1],//div[@class='buy-bar']//span[1]/span,,,,,,,,,,,,,,,,,,,,,,//div[@class='profile-description']/a/h2,//div[@class='offer-cont'],//div[@class='ProductDescription']//ul[1]/li,//div[@class='img-description']//li[1]/span,//div[@class='img-description']//li[2]/span,//div[@class='img-description']//li[3]/span,//div[@class='img-description']//li[4]/span,//div[@class='img-description']//li[5]/span,//div[@class='img-description']//li[6]/span,//div[@class='img-description']//li[7]/span,,,,,,,,,,,,,,,,,,,//li[@class='shown-image active']/img/@src,//div[@class='img-display-con']//div[1]//li[1]/img/@src,//div[@class='img-display-con']//div[1]//li[2]/img/@src,//div[@class='img-display-con']//div[1]//li[3]/img/@src,//div[@class='img-display-con']//div[1]//li[14]/img/@src,//div[@class='img-display-con']//div[1]//li[5]/img/@src,//div[@class='breadcrum']//li[2]/a,//div[@class='breadcrum']//li[3]/a,//div[@class='breadcrum']//li[4]/a,//div[@class='breadcrum']//li[5]/a,//div[@class='breadcrum']//li[6]/a
SHOPCLUES,,,,0,0,,,,//div[@id='specification'],//div[@id='specification']//tr[%ROW%]/td[1],//div[@id='specification']//tr[%ROW%]/td[2],,,,//div[@class='prd_mid_info']/h1,//span[@id='sec_list_price_'],//span[@class='f_price'],,,//li[@id='shippingcharge'],,,,,,,,,,,,,,,,,,,//div[@class='sllr_info']/h3,//span[@id='promo_txt'],//div[@id='product_description'],//div[@class='des_info']//li[1],//div[@class='des_info']//li[2],//div[@class='des_info']//li[3],//div[@class='des_info']//li[4],//div[@class='des_info']//li[5],//div[@class='des_info']//li[6],//div[@class='des_info']//li[7],,,,,,,,,,,,,,,,,,,//div[@class='visited_img']/img/@data-zoom-image,//div[@class='prd_img_gallery']//li[1]/a/@data-zoom-image,//div[@class='prd_img_gallery']//li[2]/a/@data-zoom-image,//div[@class='prd_img_gallery']//li[3]/a/@data-zoom-image,//div[@class='prd_img_gallery']//li[4]/a/@data-zoom-image,//div[@class='prd_img_gallery']//li[5]/a/@data-zoom-image,//div[@class='breadcrums']//li[2]/a,//div[@class='breadcrums']//li[3]/a,//div[@class='breadcrums']//li[4]/a,//div[@class='breadcrums']//li[5]/a,//div[@class='breadcrums']//li[6]/a
AMAZON,REP_._XX_,4,66,2000,10000,//select[@id='native_dropdown_selected_size_name']/option[2]|//span[@class='selection'],,,//div[@class='wrapper INlocale']/div | //table[@id='product-specification-table']|//table[@id='technicalSpecifications_section_1'],//div[@class='wrapper INlocale']/div[%SEC%]//tr[%ROW%]/td[1] | //table[@id='product-specification-table']//tr[%ROW%]/th|//table[@id='technicalSpecifications_section_1']//tr[%ROW%]/th,//div[@class='wrapper INlocale']/div[%SEC%]//tr[%ROW%]/td[2] | //table[@id='product-specification-table']//tr[%ROW%]/td|//table[@id='technicalSpecifications_section_1']//tr[%ROW%]/td,,,,//span[@id='productTitle'],//td[@class='a-span12 a-color-secondary a-size-base'],//span[@id='priceblock_ourprice']|//span[@id='priceblock_saleprice'],//div[@id='olp_feature_div']//span[@class='a-color-price'],//div[@id='availability'],//span[@id='price-shipping-message']/b|//span[@id='ourprice_shippingmessage']//span[@class='a-color-base a-text-bold']|//span[@id='ourprice_shippingmessage']|//span[@id='saleprice_shippingmessage'],,,//select[@id='native_dropdown_selected_size_name']/option[2]|//span[@class='selection'],//select[@id='native_dropdown_selected_size_name']/option[3],//select[@id='native_dropdown_selected_size_name']/option[4],//select[@id='native_dropdown_selected_size_name']/option[5],//select[@id='native_dropdown_selected_size_name']/option[6],//select[@id='native_dropdown_selected_size_name']/option[7],//select[@id='native_dropdown_selected_size_name']/option[8],//select[@id='native_dropdown_selected_size_name']/option[9],//select[@id='native_dropdown_selected_size_name']/option[10],,,,,,,,//div[@id='merchant-info']/a[1],,//div[@id='productDescription'],//div[@id='feature-bullets']//li[1],//div[@id='feature-bullets']//li[2],//div[@id='feature-bullets']//li[3],//div[@id='feature-bullets']//li[4],//div[@id='feature-bullets']//li[5],//div[@id='feature-bullets']//li[6],//div[@id='feature-bullets']//li[7],//div[@id='feature-bullets']//li[8],//div[@id='feature-bullets']//li[9],//div[@id='feature-bullets']//li[10],//div[@id='feature-bullets']//li[11],//div[@id='feature-bullets']//li[12],,,,,,,,,,,,,,//img[@id='landingImage']/@src,//div[@id='altImages']//li[2]//span/img/@src,//div[@id='altImages']//li[3]//span/img/@src,//div[@id='altImages']//li[4]//span/img/@src,//div[@id='altImages']//li[5]//span/img/@src,//div[@id='altImages']//li[6]//span/img/@src,//div[@id='wayfinding-breadcrumbs_feature_div']//li[1]/span,//div[@id='wayfinding-breadcrumbs_feature_div']//li[3]/span,//div[@id='wayfinding-breadcrumbs_feature_div']//li[5]/span,//div[@id='wayfinding-breadcrumbs_feature_div']//li[7]/span,//div[@id='wayfinding-breadcrumbs_feature_div']//li[9]/span
FLIPKART,REP_128,1,2,0,0,//div/button[@class='_2AkmmA _2V7q8b']/span/span,//div[@class='OcSQyE']/span/span,,//div[@class='_2Kp3n6'],//div[@class='_2Kp3n6'][%SEC%]//li[%ROW%]//div,//div[@class='_2Kp3n6'][%SEC%]//li[%ROW%]//li,,,,//h1[@class='_3eAQiD'],//div[@class='_3auQ3N _16fZeb'],//div[@class='_1vC4OE _37U4_g'],,//a[@class='_2_26Ng _26Dt15'],//li[@class='_2ewj_Q']/div[@class='_29Zp1s'],,,//li[@id='swatch-0-size']/a[@class='_2_26Ng _5FnwXU'],//li[@id='swatch-1-size']/a[@class='_2_26Ng _5FnwXU'],//li[@id='swatch-2-size']/a[@class='_2_26Ng _5FnwXU'],//li[@id='swatch-3-size']/a[@class='_2_26Ng _5FnwXU'],//li[@id='swatch-4-size']/a[@class='_2_26Ng _5FnwXU'],//li[@id='swatch-5-size']/a[@class='_2_26Ng _5FnwXU'],//li[@id='swatch-6-size']/a[@class='_2_26Ng _5FnwXU'],//li[@id='swatch-7-size']/a[@class='_2_26Ng _5FnwXU'],//li[@id='swatch-8-size']/a[@class='_2_26Ng _5FnwXU'],//li[@id='swatch-0-Lens Color']/a[@class='_2_26Ng _26Dt15 _5FnwXU'],//li[@id='swatch-1-Lens Color']/a[@class='_2_26Ng _26Dt15 _5FnwXU'],//li[@id='swatch-2-Lens Color']/a[@class='_2_26Ng _26Dt15 _5FnwXU'],//li[@id='swatch-3-Lens Color']/a[@class='_2_26Ng _26Dt15 _5FnwXU'],,,,//div[@id='sellerName']/a/@title,//li[@class='_2-n-Lg col-4-5 col'],//div[@class='_3rQFTN'],//div[@class='_3WHvuP']//li[1],//div[@class='_3WHvuP']//li[2],//div[@class='_3WHvuP']//li[4],//div[@class='_3WHvuP']//li[4],//div[@class='_3WHvuP']//li[5],//div[@class='_3WHvuP']//li[6],//div[@class='_3WHvuP']//li[7],,,,,,,,,,,,,,,,,,,//img[@id='landingImage']/@src|//img[@class='sfescn']/@src,//div[@class='_21PE8N']//li[1]//div[@class='_1kJJoT']/@style,//div[@class='_21PE8N']//li[2]//div[@class='_1kJJoT']/@style,//div[@class='_21PE8N']//li[3]//div[@class='_1kJJoT']/@style,//div[@class='_21PE8N']//li[4]//div[@class='_1kJJoT']/@style,//div[@class='_21PE8N']//li[5]//div[@class='_1kJJoT']/@style,//div[@class='_1joEet']/div[2],//div[@class='_1joEet']/div[3],//div[@class='_1joEet']/div[4],//div[@class='_1joEet']/div[5],//div[@class='_1joEet']/div[6]
TATACLIQ,,,,0,0,,,,,,,,,,//h1[@class='product-name'],//p[@id='mrpPriceId'],//p[@id='spPriceId'],,,,,,,,,,,,,,,,,,,,,,//span[@id='sellerNameId'],//div[@class='pdp-promo-title pdp-title'],//div[@class='tab-details'],//div[@class='tab-details']//li[1],//div[@class='tab-details']//li[2],//div[@class='tab-details']//li[3],//div[@class='tab-details']//li[4],//div[@class='tab-details']//li[5],//div[@class='tab-details']//li[6],//div[@class='tab-details']//li[7],,,,,,,,,,,,,,,,,,,//div[@class='owl-item active'][1]/div[@id='addiImageTab0']/span/img/@src,//div[@class='product-image-container']/div[@class='productImageGallery pdp-gallery image-list']//li[1]//img/@data-zoomimagesrc,//div[@class='product-image-container']/div[@class='productImageGallery pdp-gallery image-list']//li[2]//img/@data-zoomimagesrc,//div[@class='product-image-container']/div[@class='productImageGallery pdp-gallery image-list']//li[3]//img/@data-zoomimagesrc,//div[@class='product-image-container']/div[@class='productImageGallery pdp-gallery image-list']//li[4]//img/@data-zoomimagesrc,//div[@class='product-image-container']/div[@class='productImageGallery pdp-gallery image-list']//li[5]//img/@data-zoomimagesrc,//ul[@class='breadcrumbs wrapper']/li[2]/a,//ul[@class='breadcrumbs wrapper']/li[3]/a,//ul[@class='breadcrumbs wrapper']/li[4]/a,//ul[@class='breadcrumbs wrapper']/li[5]/a,//ul[@class='breadcrumbs wrapper']/li[6]/a
INFIBEAM,,,,0,0,,,,,,,,,,//div[@id='title'],//div[@id='base-price']/span[2],//div[@id='price-after-discount']/span,,,//span[@class='delivery-content'],,,,,,,,,,,,,,,,,,,//span[@class='seller-detail name']/a,//div[@class='manual-promo-wrapper'],//div[@class='description'],//div[@class='key-features']//li[1],//div[@class='key-features']//li[2],//div[@class='key-features']//li[3],//div[@class='key-features']//li[4],//div[@class='key-features']//li[5],//div[@class='key-features']//li[6],//div[@class='key-features']//li[7],,,,,,,,,,,,,,,,,,,//img[@id='imgMain']/@src,//div[@id='product-images']/span[1]/img[1]/@src,//div[@id='product-images']/span[2]/img[1]/@src,//div[@id='product-images']/span[3]/img[1]/@src,//div[@id='product-images']/span[4]/img[1]/@src,//div[@id='product-images']/span[5]/img[1]/@src,"//div[contains(@class,'breadcrumb')]/a[1]/span","//div[contains(@class,'breadcrumb')]/a[2]/span","//div[contains(@class,'breadcrumb')]/a[3]/span","//div[contains(@class,'breadcrumb')]/a[4]/span","//div[contains(@class,'breadcrumb')]/a[5]/span"
TOGOFOGO,REP_LAST_7_600-676,,,0,0,,,,,,,,,,//div[@class='TitleArea']//h1,//div[@class='ProductListContents']//span[@class='OldPrice'],//section[@class='ProductListSection']//span[@class='red'],,,,,,,,,,,,,,,,,,,,,,"""//div[contains(@class, 'large-12 columns')]/p/a""",//p[@class='conditionOffers'],//div[@class='FeatureShort'],//div[@class='FeatureShort']//li[1],//div[@class='FeatureShort']//li[2],//div[@class='FeatureShort']//li[3],//div[@class='FeatureShort']//li[4],//div[@class='FeatureShort']//li[5],//div[@class='FeatureShort']//li[6],//div[@class='FeatureShort']//li[7],,,,,,,,,,,,,,,,,,,,//div[@id='carousel']//li[1]/img/@src,//div[@id='carousel']//li[2]/img/@src,//div[@id='carousel']//li[3]/img/@src,//div[@id='carousel']//li[4]/img/@src,//div[@id='carousel']//li[5]/img/@src,//div[@class='BreadCrumbsArea']//li[2],//div[@class='BreadCrumbsArea']//li[3],//div[@class='BreadCrumbsArea']//li[4],//div[@class='BreadCrumbsArea']//li[5],//div[@class='BreadCrumbsArea']//li[6]
PEPPERFRY,REP_90x99_494x544,,,0,0,,,,,,,,,,//div[@class='vip-product-title']/h1,//span[@id='Rprice'],//span[@id='price-val'],,,//span[@id='free-ship-txt-no-cost-emi-avl'],,,,,,,,,,,,,,,,,,,,//div[@id='emi_strip']/a,//div[@itemprop='description'],//div[@id='itemDetail']/p[2],//div[@id='itemDetail']/p[3],//div[@id='itemDetail']/p[24],//div[@id='itemDetail']/p[5],//div[@id='itemDetail']/p[6],//div[@id='itemDetail']/p[7],//div[@id='itemDetail']/p[8],,,,,,,,,,,,,,,,,,,,//div[@class='vip-product-options oneby1']//li[1]/a/img/@src,//div[@class='vip-product-options oneby1']//li[2]/a/img/@src,//div[@class='vip-product-options oneby1']//li[3]/a/img/@src,//div[@class='vip-product-options oneby1']//li[4]/a/img/@src,//div[@class='vip-product-options oneby1']//li[5]/a/img/@src,//ul[@class='bredcrumb']/li[2],//ul[@class='bredcrumb']/li[3],//ul[@class='bredcrumb']/li[4],//ul[@class='bredcrumb']/li[5],//ul[@class='bredcrumb']/li[6]
HOMETOWN,,,,0,0,,,,,,,,,,//li[@class='brcItm last-child'],//div[@id='special_price'],//span[@id='final_price_text'],,,//span[@id='product-ship-charges'],,,,,,,,,,,,,,,,,,,,,//div[@id='productDetails'],,,,,,,,,,,,,,,,,,,,,,,,,,,//div[@class='ad-thumbs']//li[1]/a/img/@longdesc,//div[@class='ad-thumbs']//li[2]/a/img/@longdesc,//div[@class='ad-thumbs']//li[3]/a/img/@longdesc,//div[@class='ad-thumbs']//li[4]/a/img/@longdesc,//div[@class='ad-thumbs']//li[5]/a/img/@longdesc,//ul[@class='breadcrumbWideDesign']/li[2]/a,//ul[@class='breadcrumbWideDesign']/li[3]/a,//ul[@class='breadcrumbWideDesign']/li[4]/a,//ul[@class='breadcrumbWideDesign']/li[5]/a,//ul[@class='breadcrumbWideDesign']/li[6]/a
TRENDYBHARAT,,,,0,0,,,,,,,,,,//div[@class='products_right_blk safest-prodyc']/h1,//p[@class='prodcuts-cutt-price']/del,//p[@class='prodcuts-cutt-price']/span,,,//div[@class='col-md-4 col-xs-4 col-lg-4 col-sm-4'][1]//span,,,,,,,,,,,,,,,,,,,,//div[@class='Offer_W_23-block'],//div[@class='w-prodcut-des345'],//div[@class='w-prodcut-des345']/li[1],//div[@class='w-prodcut-des345']/li[2],//div[@class='w-prodcut-des345']/li[3],//div[@class='w-prodcut-des345']/li[4],//div[@class='w-prodcut-des345']/li[5],//div[@class='w-prodcut-des345']/li[6],//div[@class='w-prodcut-des345']/li[7],,,,,,,,,,,,,,,,,,,,//div[@id='zoom-fig']//li[1]/a/@href,//div[@id='zoom-fig']//li[2]/a/@href,//div[@id='zoom-fig']//li[3]/a/@href,//div[@id='zoom-fig']//li[4]/a/@href,//div[@id='zoom-fig']//li[5]/a/@href,,,,,
LIMEROAD,,,,0,0,,,,,,,,,,//div[@class='product-hdr dTbl']/div[@class='dTbCT']/div[1],//span[@class='price oPr'],//span[@class='price sPr'],,,//div[@class='charge-details']/span[@class='WebRupee']/following-sibling::text(),,,,,,,,,,,,,,,,,,,//span[@class='sUsrNme dibM'],//li[@id='new_offer_data'],,,,,,,,,,,,,,,,,,,,,,,,,,,,//div[@class='rg-thumbs dibT']//li[1]/a/img/@data-zoom,//div[@class='rg-thumbs dibT']//li[2]/a/img/@data-zoom,//div[@class='rg-thumbs dibT']//li[3]/a/img/@data-zoom,//div[@class='rg-thumbs dibT']//li[4]/a/img/@data-zoom,//div[@class='rg-thumbs dibT']//li[3]/a/img/@data-zoom,//div[@class='breadcrumb']//li[2]//span,//div[@class='breadcrumb']//li[3]//span,//div[@class='breadcrumb']//li[4]//span,//div[@class='breadcrumb']//li[5]//span,//div[@class='breadcrumb']//li[6]//span
EBAY,REP_14_57,,,0,0,,,,,,,,,,//div[2]/h1,//span[@id='mm-saleOrgPrc'],//span[@id='mm-saleDscPrc'],,,//span[@id='fshippingCost']/span,,,,,,,,,,,,,,,,,,,//span[@class='mbg-nw'],,,,,,,,,,,,,,,,,,,,,,,,,,,,,//div[@id='vi_main_img_fs_slider']//li[1]/a//@src,//div[@id='vi_main_img_fs_slider']//li[2]/a//@src,//div[@id='vi_main_img_fs_slider']//li[3]/a//@src,//div[@id='vi_main_img_fs_slider']//li[4]/a//@src,//div[@id='vi_main_img_fs_slider']//li[5]/a//@src,//ul[@id='bc']//li[1]/a/span,//ul[@id='bc']//li[2]/a/span,//ul[@id='bc']//li[3]/a/span,//ul[@id='bc']//li[4]/a/span,//ul[@id='bc']//li[5]/a/span
FLINTSTOP,,,,0,0,,,,,,,,,,"//h3[contains(@class, 'breakword')]",//div[@id='price-section']/p[2]/strike,//div[@id='price-section']/p[1],,//div[@id='outstock']/h4,,,,,,,,,,,,,//ul[@class='l5_selectOptions mb10']/li[1]/a[@class='mainmenutogglebg mainmenutogglebg_color buttongrad currentOption']|//ul[@class='l5_selectOptions mb10']/li[1]/a[@id='0'],//ul[@class='l5_selectOptions mb10']/li[2]/a[@class='mainmenutogglebg mainmenutogglebg_color buttongrad currentOption']|//ul[@class='l5_selectOptions mb10']/li[2]/a[@id='1'],//ul[@class='l5_selectOptions mb10']/li[3]/a[@class='mainmenutogglebg mainmenutogglebg_color buttongrad currentOption']|//ul[@class='l5_selectOptions mb10']/li[3]/a[@id='2'],//ul[@class='l5_selectOptions mb10']/li[4]/a[@class='mainmenutogglebg mainmenutogglebg_color buttongrad currentOption']|//ul[@class='l5_selectOptions mb10']/li[4]/a[@id='3'],//ul[@class='l5_selectOptions mb10']/li[5]/a[@class='mainmenutogglebg mainmenutogglebg_color buttongrad currentOption']|//ul[@class='l5_selectOptions mb10']/li[5]/a[@id='4'],//ul[@class='l5_selectOptions mb10']/li[6]/a[@class='mainmenutogglebg mainmenutogglebg_color buttongrad currentOption']|//ul[@class='l5_selectOptions mb10']/li[6]/a[@id='5'],//ul[@class='l5_selectOptions mb10']/li[7]/a[@class='mainmenutogglebg mainmenutogglebg_color buttongrad currentOption']|//ul[@class='l5_selectOptions mb10']/li[7]/a[@id='6'],,,//div[@id='l5_prodDesc']/p|//div[@id='l5_prodDesc']/div[1],//div[@id='l5_prodDesc']/ul/li[1]|//div[@id='l5_prodDesc']/div/div,//div[@id='l5_prodDesc']/ul/li[2]|//div[@id='l5_prodDesc']/div/div,//div[@id='l5_prodDesc']/ul/li[3]|//div[@id='l5_prodDesc']/div/div,//div[@id='l5_prodDesc']/ul/li[4]|//div[@id='l5_prodDesc']/div/div,//div[@id='l5_prodDesc']/ul/li[5]|//div[@id='l5_prodDesc']/div/div,//div[@id='l5_prodDesc']/ul/li[6]|//div[@id='l5_prodDesc']/div/div,//div[@id='l5_prodDesc']/ul/li[7]|//div[@id='l5_prodDesc']/div/div,//div[@id='l5_prodDesc']/ul/li[8]|//div[@id='l5_prodDesc']/div/div,//div[@id='l5_prodDesc']/ul/li[9]|//div[@id='l5_prodDesc']/div/div,//div[@id='l5_prodDesc']/ul/li[10]|//div[@id='l5_prodDesc']/div/div,//div[@id='l5_prodDesc']/ul/li[11]|//div[@id='l5_prodDesc']/div/div,//div[@id='l5_prodDesc']/ul/li[12]|//div[@id='l5_prodDesc']/div/div,,,,,,,,,,,,,,//div[@id='gallery']//div[@id='wrap']/a/@href,//ul[@id='l5_prodThumbnails']/li[1]/a/@href,//ul[@id='l5_prodThumbnails']/li[2]/a/@href,//ul[@id='l5_prodThumbnails']/li[3]/a/@href,//ul[@id='l5_prodThumbnails']/li[4]/a/@href,//ul[@id='l5_prodThumbnails']/li[5]/a/@href,,,,,
SNAPDEAL,,,,10000,0,,,,//div[@class='detailssubbox']//tr,//div[@class='detailssubbox']//tr[%SEC%]//tr[%ROW%+1]/td[1],//div[@class='detailssubbox']//tr[%SEC%]//tr[%ROW%+1]/td[2],,,,//h1[@class='pdp-e-i-head'],"//div[contains(@class,'pdpCutPrice')]",//span[@class='pdp-final-price'],,,"//div[contains(@class,'ddrPinCheck otoRangeCheck')]/span[@class='orderBefore marL0']/span/span",,,//div[@class='pull-left'][1]//div[@class='attr-val'],//div[@class='pull-left'][2]//div[@class='attr-val'],//div[@class='pull-left'][3]//div[@class='attr-val']|//div[@class='pull-left'][3],//div[@class='pull-left'][4]//div[@class='attr-val']|//div[@class='pull-left'][4],//div[@class='pull-left'][5]//div[@class='attr-val']|//div[@class='pull-left'][5],,,,,//div[@id='product-attr-options']//div[@class='attr-value-cont']/div[@class='pull-left'],,,,,,,//a[@class='pdp-e-seller-info-name reset-margin fnt-14'],"//div[contains(@class,'genericOfferClass')]","//div[@class='spec-body']/div[contains(@itemprop, 'description')]","//div[contains(@class, 'highlights')]//li[1]","//div[contains(@class, 'highlights')]//li[2]","//div[contains(@class, 'highlights')]//li[3]","//div[contains(@class, 'highlights')]//li[4]","//div[contains(@class, 'highlights')]//li[5]","//div[contains(@class, 'highlights')]//li[6]","//div[contains(@class, 'highlights')]//li[7]","//div[contains(@class, 'highlights')]//li[8]","//div[contains(@class, 'highlights')]//li[9]","//div[contains(@class, 'highlights')]//li[10]","//div[contains(@class, 'highlights')]//li[11]","//div[contains(@class, 'highlights')]//li[12]","//div[contains(@class, 'highlights')]//li[13]","//div[contains(@class, 'highlights')]//li[14]","//div[contains(@class, 'highlights')]//li[15]","//div[contains(@class, 'highlights')]//li[16]","//div[contains(@class, 'highlights')]//li[17]","//div[contains(@class, 'highlights')]//li[18]","//div[contains(@class, 'highlights')]//li[19]","//div[contains(@class, 'highlights')]//li[20]","//div[contains(@class, 'highlights')]//li[21]","//div[contains(@class, 'highlights')]//li[22]","//div[contains(@class, 'highlights')]//li[23]","//div[contains(@class, 'highlights')]//li[24]","//div[contains(@class, 'highlights')]//li[25]",//div[@class='bx-viewport']//li[1]/img/@src,//div[@class='bx-viewport']//a[1]/img/@src,//div[@class='bx-viewport']//a[2]/img/@src,//div[@class='bx-viewport']//a[3]/img/@src,//div[@class='bx-viewport']//a[4]/img/@src,//div[@class='bx-viewport']//a[5]/img/@src,//div[@id='breadCrumbWrapper']//div[2]/a,//div[@id='breadCrumbWrapper']//div[3]/a,//div[@id='breadCrumbWrapper']//div[4]/a,//div[@id='breadCrumbWrapper']//div[5]/a,//div[@id='breadCrumbWrapper']//div[6]/a
SKYBAGS,,,,1000,,,,,//div[@class='featuresTitle'],//div[@class='dimensionColumnLHS']/div[%ROW%],//div[@class='dimensionColumnRHS']/div[%ROW%],,,,//div[@class='product-name']/h1,"//div[@class='product-box-left']//span[contains(@id, 'old-price')]","//div[@class='product-box-left']//span[contains(@id, 'product-price')]",,//p[@class='availability in-stock']/span,//div[@id='pincheck']/div[2]/div[@id='pstResult']/div/div[1],//div[@id='pincheck']/div[2]/div[@id='pstResult']/div/div[2],,,,,,,,,,,,,,,,,,,,//div[@class='short-description'],//div[@class='genSpecContainer']/ul/li[1],//div[@class='genSpecContainer']/ul/li[2],//div[@class='genSpecContainer']/ul/li[3],//div[@class='genSpecContainer']/ul/li[4],//div[@class='genSpecContainer']/ul/li[5],//div[@class='genSpecContainer']/ul/li[6],//div[@class='genSpecContainer']/ul/li[7],//div[@class='genSpecContainer']/ul/li[8],//div[@class='genSpecContainer']/ul/li[9],//div[@class='genSpecContainer']/ul/li[10],//div[@class='genSpecContainer']/ul/li[11],//div[@class='genSpecContainer']/ul/li[12],//div[@class='genSpecContainer']/ul/li[13],//div[@class='genSpecContainer']/ul/li[14],//div[@class='genSpecContainer']/ul/li[15],//div[@class='genSpecContainer']/ul/li[16],//div[@class='genSpecContainer']/ul/li[17],//div[@class='genSpecContainer']/ul/li[18],//div[@class='genSpecContainer']/ul/li[19],//div[@class='genSpecContainer']/ul/li[20],//div[@class='genSpecContainer']/ul/li[21],//div[@class='genSpecContainer']/ul/li[22],,,,//div[@class='product-image']/div[@id='wrap']/a/@href,//div[@class='owl-item'][1]/div/a/@href,//div[@class='owl-item'][2]/div/a/@href,//div[@class='owl-item'][3]/div/a/@href,//div[@class='owl-item'][4]/div/a/@href,//div[@class='owl-item'][5]/div/a/@href,//div[@class='breadcrumbs']/ul/li[2]/a,//div[@class='breadcrumbs']/ul/li[3]/a,//div[@class='breadcrumbs']/ul/li[4]/a,//div[@class='breadcrumbs']/ul/li[5]/a,//div[@class='breadcrumbs']/ul/li[6]/a
CRAFTSVILLA,,44,50,1000,500,//p[@class='show-read-more']/a[@class='read-more'],,,//div[@class='col-xs-12 col-sm-4'],//div[@class='col-xs-12 col-sm-4'][%SEC%]/ul[@class='psd-list']/li[%ROW%]/span,//div[@class='col-xs-12 col-sm-4'][%SEC%]/ul[@class='psd-list']/li[%ROW%],//ul[@class='pdp-variant']/li[2]/ul,//ul[@class='pdp-variant']/li[2]/ul/li[%ROW%]/span[1],//ul[@class='pdp-variant']/li[2]/ul/li[%ROW%]/span[3],//div[@class='pdp-right-container']/div//h1,//div[@class='pdp-price-offer']/span[@class='pdp-original-price'],//div[@class='pdp-price-offer']/span[@class='pdp-offer-price'],,,//div[@id='notification-container']/div[@class='col-xs-12 nopadding'][1]/span,//div[@id='notification-container']/div[@class='col-xs-12 nopadding'][2]/span,//div[@class='col-xs-12 nopadding pdp-shipping']/span[1],,,,,,,,,,,,,,,,,//div[@class='col-xs-12 pdp-block'][1]/p/a/span[@class='vender-name'],//div[@class='col-xs-12 nopadding pdp-buyer-protections']/p,//div[@class='col-xs-12 nopadding']/p,,,,,,,,,,,,,,,,,,,,,,,,,,,//div[@class='pdp-thumb-left']/ul/li[1]/a/img[@class='lazy']/@src,//div[@class='pdp-thumb-left']/ul/li[2]/a/img[@class='lazy']/@src,//div[@class='pdp-thumb-left']/ul/li[3]/a/img[@class='lazy']/@src,//div[@class='pdp-thumb-left']/ul/li[4]/a/img[@class='lazy']/@src,//div[@class='pdp-thumb-left']/ul/li[5]/a/img[@class='lazy']/@src,//div[@id='breadcrumb']/ul[@class='breadcrumb nopadding']/li[2],//div[@id='breadcrumb']/ul[@class='breadcrumb nopadding']/li[3],//div[@id='breadcrumb']/ul[@class='breadcrumb nopadding']/li[4],,
KRAFTLY,,,,0,,,,,,,,,,,//div[@class='dName']/h1,//span[@class='priceTwo'],//span[@class='priceOne'],,,,,,,,,,,,,,,,,,,,,,,,,,,,,,,,,,,,,,,,,,,,,,,,,,,,,,,,,,,,
