Product Id,SKU,Product Name,Category,Image URL,Product Status,Success,ProductMatch,PriceMatch,OriginalPrice,ProductURL
652160,BZCG-650-PD03-8GB,Aeroplane Shape Fancy Pen Drive,"Mobiles,Tablets & Accessories >> Mobile Accessories >> Pen Drives",https://www.moonboy.in/images/product_img/original_jekmadb0euphiol.jpg,Active,60,Shrih Aeroplane Shape 8 GB OTG Drive,"â‚¹1,899","â‚¹3,000",https://www.flipkart.com/shrih-aeroplane-shape-8-gb-otg-drive/p/itmezjc8ufnxxgb4?pid=ACCEZJC8BVGHUFRG&srno=s_1_1&otracker=search&lid=LSTACCEZJC8BVGHUFRGY3ULGI&qH=93bd62005af11923
652159,FXDR-650-PD04-8GB,Android Shape Fancy Pendrive,"Mobiles,Tablets & Accessories >> Mobile Accessories >> Pen Drives",https://www.moonboy.in/images/product_img/original_chirsnygatqvmu0.jpg,Active,75,Microware Android Shape Designer 8 GB Pendrive,â‚¹549,â‚¹800,https://www.flipkart.com/microware-android-shape-designer-8-gb-pendrive/p/itmdnymmj75f78b8?pid=ACCD75ADJFQ2CNFG&srno=s_1_1&otracker=search&lid=LSTACCD75ADJFQ2CNFGSDEXNC&qH=d88525fe72a51648
652158,QFPH-650-PD13-8GB,Banana Shape Fancy Pendrive,"Mobiles,Tablets & Accessories >> Mobile Accessories >> Pen Drives",https://www.moonboy.in/images/product_img/original_95402qhchovzafj.jpg,Active,50,Microware Banana Shape 4 GB Pen Drive,â‚¹599,â‚¹799,https://www.flipkart.com/microware-banana-shape-4-gb-pen-drive/p/itmddc9tcznuqbbv?pid=ACCDDC93H9AZDXZZ&srno=s_1_1&otracker=search&lid=LSTACCDDC93H9AZDXZZDFXXKD&qH=f151bd73011c901d
652157,YOWE-650-PD02-8GB,Batman Thunder Shape Fancy Pen drive,"Mobiles,Tablets & Accessories >> Mobile Accessories >> Pen Drives",https://www.moonboy.in/images/product_img/original_jupetcqgjosciyd.jpg,Active,83.33,Microware Batman Thunder Shape 16 GB Pen Drive,â‚¹699,"â‚¹1,100",https://www.flipkart.com/microware-batman-thunder-shape-16-gb-pen-drive/p/itmdrkkxwsvyfday?pid=ACCDRKKWTJHXHPCH&srno=s_1_1&otracker=search&lid=LSTACCDRKKWTJHXHPCH9HML0Z&qH=ac44a78e2273690b
652156,LVON-650-PD05-8GB,Beer Mug Shape Fancy Pen Drive,"Mobiles,Tablets & Accessories >> Mobile Accessories >> Pen Drives",https://www.moonboy.in/images/product_img/original_jm9hbzxn4fi0qoo.jpg,Active,83.33,Microware Beer Mug Shape 8 GB Pen Drive,â‚¹699,â‚¹900,https://www.flipkart.com/microware-beer-mug-shape-8-gb-pen-drive/p/itmdkzyjgpfkrchq?pid=ACCDKZS5ECA8WKGY&srno=s_1_1&otracker=search&lid=LSTACCDKZS5ECA8WKGYRZETOS&qH=6dd1c2082df32b7e
652155,CYHG-650-PD06-8GB,Black Lanyard Shape Fancy Pen Drive,"Mobiles,Tablets & Accessories >> Mobile Accessories >> Pen Drives",https://www.moonboy.in/images/product_img/original_i8jkr6v2uontelg.jpg,Active,100,Microware 32 GB Black Lanyard Shape Designer Pen Drive Fancy Pen ...,"â‚¹1,399","â‚¹1,995",https://www.flipkart.com/microware-32-gb-black-lanyard-shape-designer-pen-drive-fancy/p/itmdy9ryyjgzjmaa?pid=ACCDY9RXMFQWEKMF&srno=s_1_1&otracker=search&lid=LSTACCDY9RXMFQWEKMFTKJ8GP&qH=6419ef084b42fbd4
652154,FNMD-650-PD14-8GB,Boat Shape Fancy Pen Drive,"Mobiles,Tablets & Accessories >> Mobile Accessories >> Pen Drives",https://www.moonboy.in/images/product_img/original_dkyibekquwxa52u.jpg,Active,80,Microware Ship Boat Yacht Shape Designer 8 GB Pendrive,â‚¹599,â‚¹800,https://www.flipkart.com/microware-ship-boat-yacht-shape-designer-8-gb-pendrive/p/itmd75agkzw6tfvb?pid=ACCD75ADQWBXS3GZ&srno=s_1_1&otracker=search&lid=LSTACCD75ADQWBXS3GZ10OTI9&qH=48b745306be4560e
652153,RXQA-650-PD15-8GB,Bottle Coca Cola Big Shape Fancy Pen Drive,"Mobiles,Tablets & Accessories >> Mobile Accessories >> Pen Drives",https://www.moonboy.in/images/product_img/original_wln0zefnm6bqusi.jpg,Active,75,Zeztee CocaCola Bottle Shape Style 8 GB Pen Drive,â‚¹599,â‚¹749,https://www.flipkart.com/zeztee-cocacola-bottle-shape-style-8-gb-pen-drive/p/itmedku39t3hnarb?pid=ACCEDKU3CWAYXPJB&srno=s_1_1&otracker=search&lid=LSTACCEDKU3CWAYXPJBNZGU8J&qH=ef61b3c547aa8672
652152,QXMU-650-PD19-8GB,Bottle Heineken Shape Fancy Pen Drive,"Mobiles,Tablets & Accessories >> Mobile Accessories >> Pen Drives",https://www.moonboy.in/images/product_img/original_y18awypsehexifd.jpg,Active,66.67,Zeztee CocaCola Bottle Shape Style 8 GB Pen Drive,â‚¹599,â‚¹749,https://www.flipkart.com/zeztee-cocacola-bottle-shape-style-8-gb-pen-drive/p/itmedku39t3hnarb?pid=ACCEDKU3CWAYXPJB&srno=s_1_1&otracker=search&lid=LSTACCEDKU3CWAYXPJBNZGU8J&qH=0814a3d7d38b155a
652151,EJDG-650-PD16-8GB,Bottle Opener Shape Fancy Pen Drive,"Mobiles,Tablets & Accessories >> Mobile Accessories >> Pen Drives",https://www.moonboy.in/images/product_img/original_ir51ejctjq86ugl.jpg,Active,83.33,Zeztee Bottle Opener Shape Silver Color 16 GB Pen Drive,â‚¹749,"â‚¹1,149",https://www.flipkart.com/zeztee-bottle-opener-shape-silver-color-16-gb-pen-drive/p/itmeeswrbcwjmfqv?pid=ACCEESWR96ZVETTT&srno=s_1_1&otracker=search&lid=LSTACCEESWR96ZVETTTQ9DP8M&qH=54eac063d64ddf37
652150,IMUX-650-PD17-8GB,Bottle Pepsi Shape Fancy Pen Drive,"Mobiles,Tablets & Accessories >> Mobile Accessories >> Pen Drives",https://www.moonboy.in/images/product_img/original_u78sbmd5gnpzwre.jpg,Active,66.67,Zeztee CocaCola Bottle Shape Style 8 GB Pen Drive,â‚¹599,â‚¹749,https://www.flipkart.com/zeztee-cocacola-bottle-shape-style-8-gb-pen-drive/p/itmedku39t3hnarb?pid=ACCEDKU3CWAYXPJB&srno=s_1_1&otracker=search&lid=LSTACCEDKU3CWAYXPJBNZGU8J&qH=454cfab74c2205ac
652149,LMVX-650-PD18-8GB,Brasil 2014 Shape GB Fancy Pendrive,"Mobiles,Tablets & Accessories >> Mobile Accessories >> Pen Drives",https://www.moonboy.in/images/product_img/original_t4hbi6z1mgpndjn.jpg,Active,66.67,Microware Brasil 2014 Shape 4 GB Pen Drive,â‚¹599,â‚¹799,https://www.flipkart.com/microware-brasil-2014-shape-4-gb-pen-drive/p/itmdrkhbfvj4u6pm?pid=ACCDRKHB2GBGZVGQ&srno=s_1_1&otracker=search&lid=LSTACCDRKHB2GBGZVGQQDPMKG&qH=a33e7f8c7839c20f
652148,UTPJ-650-PD19-8GB,Brazil Football Jersey Shape Fancy Pen drive,"Mobiles,Tablets & Accessories >> Mobile Accessories >> Pen Drives",https://www.moonboy.in/images/product_img/original_ir3nnxcverboljj.jpg,Active,71.43,Microware Football Jersey Shape Designer 8 GB Pendrive,â‚¹599,â‚¹800,https://www.flipkart.com/microware-football-jersey-shape-designer-8-gb-pendrive/p/itmd75afzzuuujmh?pid=ACCD75ADESGHMHZD&srno=s_1_1&otracker=search&lid=LSTACCD75ADESGHMHZDHMDZZR&qH=23ba1aa91ebf23a9
652147,NWUH-650-PD20-8GB,Bulb Shape Fancy Pen Drive,"Mobiles,Tablets & Accessories >> Mobile Accessories >> Pen Drives",https://www.moonboy.in/images/product_img/original_x195sizygvsho4m.jpg,Active,80,Microware Bulb Light Shape 8 GB Pen Drive,â‚¹699,â‚¹800,https://www.flipkart.com/microware-bulb-light-shape-8-gb-pen-drive/p/itmdgrxyp6ktwxtz?pid=ACCDGRXY7Z7PRZNF&srno=s_1_1&otracker=search&lid=LSTACCDGRXY7Z7PRZNFWIERLI&qH=ecd56eb834cc6946
652146,JATM-650-PD22-8GB,Bullet Shape Fancy Pen Drive,"Mobiles,Tablets & Accessories >> Mobile Accessories >> Pen Drives",https://www.moonboy.in/images/product_img/original_65pltdhzr3ezqyg.jpg,Active,80,Microware Bullet Metal Shape 4 GB Pen Drive,â‚¹599,â‚¹800,https://www.flipkart.com/microware-bullet-metal-shape-4-gb-pen-drive/p/itmddh38yyh94zhu?pid=ACCDDEH6TRZRAQHW&srno=s_1_1&otracker=search&lid=LSTACCDDEH6TRZRAQHWCJPOB1&qH=483ecde13af10946
652145,RAZJ-650-PD23-8GB,Bunny Shape Fancy Pen Drive,"Mobiles,Tablets & Accessories >> Mobile Accessories >> Pen Drives",https://www.moonboy.in/images/product_img/original_l7zdp01dupjixf8.jpg,Active,80,Microware Bunny Shape 8 GB Pen Drive,â‚¹599,â‚¹800,https://www.flipkart.com/microware-bunny-shape-8-gb-pen-drive/p/itmd8dfjhgfggbfe?pid=ACCD8DFJCHDTGTBX&srno=s_1_1&otracker=search&lid=LSTACCD8DFJCHDTGTBXHWOEX5&qH=0bb934dee3efef03
652144,NBQO-650-PD24-8GB,Burger Shaped USB Fancy Pen Drive,"Mobiles,Tablets & Accessories >> Mobile Accessories >> Pen Drives",https://www.moonboy.in/images/product_img/original_2aqgixacbjd49gn.jpg,Active,33.33,eShop Metal Home Shape Designer 4 GB Pen Drive,â‚¹699,"â‚¹1,100",https://www.flipkart.com/eshop-metal-home-shape-designer-4-gb-pen-drive/p/itmekd78swvqsg2t?pid=ACCEKD78GJUJ6ABY&srno=s_1_1&otracker=search&lid=LSTACCEKD78GJUJ6ABYSJL3LX&qH=15308d2848b4517b
652143,SQUN-650-PD25-8GB,Camera Flash USB Fancy Pen Drive,"Mobiles,Tablets & Accessories >> Mobile Accessories >> Pen Drives",https://www.moonboy.in/images/product_img/original_p5xmnu683itlqyl.jpg,Active,33.33,Strontium Nitro Idrive 3.0 Otg Pendrive For Ios Utility Pendrive ...,"â‚¹6,509","â‚¹12,999",https://www.flipkart.com/strontium-nitro-idrive-3-0-otg-pendrive-ios-utility-128-gb-pen-drive/p/itmebv6tvjkxupke?pid=ACCEBV6TDUDNWPCG&srno=s_1_1&otracker=search&lid=LSTACCEBV6TDUDNWPCGUGM6DG&qH=c80151c3ab0f4240
652142,CXOK-650-PD61-8GB,Car Shape Metal Fancy Pen Drive,"Mobiles,Tablets & Accessories >> Mobile Accessories >> Pen Drives",https://www.moonboy.in/images/product_img/original_fkwqoaxhtvtgshp.jpg,Active,83.33,Microware Car Shape Metal Jewellery Designer Pen Drive 4 GB,â‚¹699,â‚¹800,https://www.flipkart.com/microware-car-shape-metal-jewellery-designer-pen-drive-4-gb/p/itmd4gmzhgah4bbm?pid=ACCD4GMYJ7535THN&srno=s_1_1&otracker=search&lid=LSTACCD4GMYJ7535THNCKWGNT&qH=7c1c981dbd8c81fd
652141,SGFD-650-PD30-8GB,Car with Clock Shape Fancy Pen Drive,"Mobiles,Tablets & Accessories >> Mobile Accessories >> Pen Drives",https://www.moonboy.in/images/product_img/original_st4p1r6ihnxoya8.jpg,Active,14.29,Woodman Double Din WM-6060 Car Stereo,"â‚¹12,499","â‚¹30,000",https://www.flipkart.com/woodman-double-din-wm-6060-car-stereo/p/itmekgy4hvqsehzf?pid=CDPEKGY4QDRJTMFD&srno=s_1_1&otracker=search&lid=LSTCDPEKGY4QDRJTMFDGHPGU0&qH=7269d6bd3aaf9d7e
652140,DOSJ-650-PD34-8GB,Chili Pepper Fancy Pen Drive,"Mobiles,Tablets & Accessories >> Mobile Accessories >> Pen Drives",https://www.moonboy.in/images/product_img/original_fiejuso73iuvypz.jpg,Active,20,"red pepper USB, Micro USB OTG Adapter",â‚¹199,â‚¹398,https://www.flipkart.com/red-pepper-usb-micro-usb-otg-adapter/p/itmehfthavddqca8?pid=ACCEHFTHUCWNGHX6&srno=s_1_1&otracker=search&lid=LSTACCEHFTHUCWNGHX62E4QUV&qH=6596cc8ee1102c82
652139,CDYQ-650-PD33-8GB,Cherry Red Shape Fancy Pen Drive,"Mobiles,Tablets & Accessories >> Mobile Accessories >> Pen Drives",https://www.moonboy.in/images/product_img/original_jgdle4l6zwvftan.jpg,Active,66.67,Microware Cherry Shape 16 GB Pen Drive,â‚¹699,â‚¹999,https://www.flipkart.com/microware-cherry-shape-16-gb-pen-drive/p/itmda5zynyfydg7j?pid=ACCDA5WXFSXGHARE&srno=s_1_1&otracker=search&lid=LSTACCDA5WXFSXGHAREBEZQ2I&qH=ca2bf6fdf7ada6d0
652138,VYGW-650-PD36-8GB,Chocolate Shape Fancy Pen Drive,"Mobiles,Tablets & Accessories >> Mobile Accessories >> Pen Drives",https://www.moonboy.in/images/product_img/original_z9jhbonjtdl2gmw.jpg,Active,80,Microware Chocolate Shape 16 GB Pen Drive,â‚¹699,"â‚¹1,000",https://www.flipkart.com/microware-chocolate-shape-16-gb-pen-drive/p/itmddc9tjhg2fdyn?pid=ACCDDC93CQ6HGPFM&srno=s_1_1&otracker=search&lid=LSTACCDDC93CQ6HGPFMJYVMFV&qH=52d8aac0e7323ce7
652137,PONQ-650-PD38-8GB,Credit Card Shape USB Flash Fancy Pen Drive,"Mobiles,Tablets & Accessories >> Mobile Accessories >> Pen Drives",https://www.moonboy.in/images/product_img/original_onfdio2giamr0qy.jpg,Active,37.5,SAREGAMA JAGJIT SINGH JA01 USB Flash Drive,â‚¹500,NA,https://www.flipkart.com/saregama-jagjit-singh-ja01-usb-flash-drive/p/itmegjwjvt53mxvx?pid=USGEGJWJZTHTB6DQ&srno=s_1_1&otracker=search&lid=LSTUSGEGJWJZTHTB6DQF3B1KG&qH=29451f0ce8ed1a5a
652136,PLOS-650-PD39-8GB,Cute Baby Shape Fancy Pen Drive,"Mobiles,Tablets & Accessories >> Mobile Accessories >> Pen Drives",https://www.moonboy.in/images/product_img/original_ejztryx1havbpfd.jpg,Active,0,Dwinguler PVC Play Mat Music Parade Sound Sensory Playmat,"â‚¹27,550","â‚¹29,000",https://www.flipkart.com/dwinguler-pvc-play-mat-music-parade-sound-sensory-playmat/p/itmee2ghavczzjvf?pid=MATEE2GHAZJUDQXP&srno=s_1_1&otracker=search&lid=LSTMATEE2GHAZJUDQXP1W5OIG&qH=92ec2d0d734d6b90
652135,MHAE-650-PD45-8GB,Doremon Fancy Pen Drive,"Mobiles,Tablets & Accessories >> Mobile Accessories >> Pen Drives",https://www.moonboy.in/images/product_img/original_2ocqsjamif7kbti.jpg,Active,50,Dinosaur Drivers Doraemon New 16 GB Pen Drive,â‚¹699,â‚¹999,https://www.flipkart.com/dinosaur-drivers-doraemon-new-16-gb-pen-drive/p/itmdzejzeahzrzf9?pid=ACCDZEJZ6HEB8W6W&srno=s_1_1&otracker=search&lid=LSTACCDZEJZ6HEB8W6WPAUJ7U&qH=23fa66653200f28b
652134,KYAT-650-PD46-8GB,Duck Shape Fancy Pen Drive,"Mobiles,Tablets & Accessories >> Mobile Accessories >> Pen Drives",https://www.moonboy.in/images/product_img/original_xsahov34virdgfk.jpg,Active,80,Microware Duck Shape 8 GB Pen Drive,â‚¹599,â‚¹800,https://www.flipkart.com/microware-duck-shape-8-gb-pen-drive/p/itmddc9tfyyfkgzz?pid=ACCDDC93BBZAKQXR&srno=s_1_1&otracker=search&lid=LSTACCDDC93BBZAKQXRPAD7PC&qH=7d2b8e0efb235aa4
652133,RIZM-650-PD47-8GB,Elephant Shape Fancy Pen Drive,"Mobiles,Tablets & Accessories >> Mobile Accessories >> Pen Drives",https://www.moonboy.in/images/product_img/original_5lcvcaposqyfb1w.jpg,Active,80,Microware Elephant Shape 16 GB Pen Drive,â‚¹699,â‚¹999,https://www.flipkart.com/microware-elephant-shape-16-gb-pen-drive/p/itmddh38cshm3kuz?pid=ACCDDEH6PBENFFVD&srno=s_1_1&otracker=search&lid=LSTACCDDEH6PBENFFVDVPEPSO&qH=a0b86867ae89224b
652132,PMIS-650-PD56-8GB,Fifa Football 2014 Mascot Shape Designer Fancy Pen drive,"Mobiles,Tablets & Accessories >> Mobile Accessories >> Pen Drives",https://www.moonboy.in/images/product_img/original_nkfmerhjxzw4apl.jpg,Active,77.78,Microware 32 GB Fifa Football 2014 Mascot Shape Designer Fancy Pe...,"â‚¹1,199","â‚¹1,995",https://www.flipkart.com/microware-32-gb-fifa-football-2014-mascot-shape-designer-fancy-pendrive-pen-drive/p/itmdy9ryx8fvhpjj?pid=ACCDY9RXDNBVXGG8&srno=s_1_1&otracker=search&lid=LSTACCDY9RXDNBVXGG8XQXVUW&qH=e8718984f9ac9150
652131,IPRO-650-PD48-8GB,Fish Neno Shape Fancy Pen Drive,"Mobiles,Tablets & Accessories >> Mobile Accessories >> Pen Drives",https://www.moonboy.in/images/product_img/original_u3ie56g2ctmncqr.jpg,Active,66.67,Microware Fish Shape Nemo 16 GB Pen Drive,â‚¹699,"â‚¹1,000",https://www.flipkart.com/microware-fish-shape-nemo-16-gb-pen-drive/p/itmdd2kxpq37hjjc?pid=ACCDCXYHSPXWJUAM&srno=s_1_1&otracker=search&lid=LSTACCDCXYHSPXWJUAMCIZSWG&qH=dec59c13ed0e3a43
652130,PBFZ-650-PD49-8GB,Fish Shape metal Fancy Pen Drive,"Mobiles,Tablets & Accessories >> Mobile Accessories >> Pen Drives",https://www.moonboy.in/images/product_img/original_pekvhywtuistwjr.jpg,Active,50,Quace Crystal Fish 4 GB Pen Drive,â‚¹549,â‚¹700,https://www.flipkart.com/quace-crystal-fish-4-gb-pen-drive/p/itmemy4hzng7wjjx?pid=ACCEMY4HYUNGUDHH&srno=s_1_1&otracker=search&lid=LSTACCEMY4HYUNGUDHHTXUUG6&qH=c3d6c870b244768b
652129,VESF-650-PD50-8GB,Fish Shark Shape Fancy Pen Drive,"Mobiles,Tablets & Accessories >> Mobile Accessories >> Pen Drives",https://www.moonboy.in/images/product_img/original_yj5qnsdt4i9hzbv.jpg,Active,66.67,Microware Fish Shape Nemo 16 GB Pen Drive,â‚¹699,"â‚¹1,000",https://www.flipkart.com/microware-fish-shape-nemo-16-gb-pen-drive/p/itmdd2kxpq37hjjc?pid=ACCDCXYHSPXWJUAM&srno=s_1_1&otracker=search&lid=LSTACCDCXYHSPXWJUAMCIZSWG&qH=f8cb23aaf38d2533
652128,QSCO-650-PD51-8GB,Football Jersey Shape Fancy Pen Drive,"Mobiles,Tablets & Accessories >> Mobile Accessories >> Pen Drives",https://www.moonboy.in/images/product_img/original_rjby8tnxoapotvi.jpg,Active,83.33,Microware Football Jersey Shape Designer 8 GB Pendrive,â‚¹599,â‚¹800,https://www.flipkart.com/microware-football-jersey-shape-designer-8-gb-pendrive/p/itmd75afzzuuujmh?pid=ACCD75ADESGHMHZD&srno=s_1_1&otracker=search&lid=LSTACCD75ADESGHMHZDHMDZZR&qH=65d1baaeeb57a19e
652127,ZBPY-650-PD52-8GB,Golden Biscuit Shape Fancy Pen Drive,"Mobiles,Tablets & Accessories >> Mobile Accessories >> Pen Drives",https://www.moonboy.in/images/product_img/original_8dvnajtvyaeigzb.jpg,Active,83.33,Microware Golden Biscuit Shape 16GB Pen Drive,â‚¹749,"â‚¹1,295",https://www.flipkart.com/microware-golden-biscuit-shape-16gb-pen-drive/p/itmdd2kxe3ehqehj?pid=ACCDCXYHHFMMKNHN&srno=s_1_1&otracker=search&lid=LSTACCDCXYHHFMMKNHNITFOGR&qH=c1d971cdfef2c8ae
652126,TBES-650-PD54-8GB,Golden Guitar Metal Fancy Pen Drive,"Mobiles,Tablets & Accessories >> Mobile Accessories >> Pen Drives",https://www.moonboy.in/images/product_img/original_ummvalb6tsajowp.jpg,Active,66.67,Microware Golden Guitar Shape 8 GB Pen Drive,â‚¹699,â‚¹899,https://www.flipkart.com/microware-golden-guitar-shape-8-gb-pen-drive/p/itme7gyyzaygkzgz?pid=ACCE7GYYPKXNEKZF&srno=s_1_1&otracker=search&lid=LSTACCE7GYYPKXNEKZFHSYRF1&qH=72b204c6bdbdf071
652125,FYJR-650-PD58-8GB,Gun Golden Metal Shape Fancy Pendrive,"Mobiles,Tablets & Accessories >> Mobile Accessories >> Pen Drives",https://www.moonboy.in/images/product_img/original_mqszbw6ewidkya3.jpg,Active,16.67,XElectron Bullet Shape 4 GB Pen Drive,â‚¹359,â‚¹399,https://www.flipkart.com/xelectron-bullet-shape-4-gb-pen-drive/p/itmef5jt7gagg6nt?pid=ACCEF5JTABYHS8GW&srno=s_1_1&otracker=search&lid=LSTACCEF5JTABYHS8GW0SOUA9&qH=427265b75b4213ac
652124,MVAR-650-PD60-8GB,Hand V Shape Fancy Pen Drive,"Mobiles,Tablets & Accessories >> Mobile Accessories >> Pen Drives",https://www.moonboy.in/images/product_img/original_4g6ncoxhi5v3wvl.jpg,Active,83.33,Microware Hand V Shape Designer 8 GB Pendrive,â‚¹599,â‚¹799,https://www.flipkart.com/microware-hand-v-shape-designer-8-gb-pendrive/p/itmd75aecpzyctmm?pid=ACCD75AD7UEYBNHJ&srno=s_1_1&otracker=search&lid=LSTACCD75AD7UEYBNHJTM5LAA&qH=215c71a43b3c0178
652123,QDZW-650-PD61-8GB,Heart Blue Shape Fancy Pen Drive,"Mobiles,Tablets & Accessories >> Mobile Accessories >> Pen Drives",https://www.moonboy.in/images/product_img/original_ffsclurdsipnar0.jpg,Active,83.33,Digitalk Solution Fancy Jewel Heart Shape 8 GB Pen Drive,â‚¹699,â‚¹899,https://www.flipkart.com/digitalk-solution-fancy-jewel-heart-shape-8-gb-pen-drive/p/itmegcfn7vy768hs?pid=ACCEGCFNMM8RBHF4&srno=s_1_1&otracker=search&lid=LSTACCEGCFNMM8RBHF4MFLZM5&qH=bffc32bff706a33e
652122,BUCJ-650-PD62-8GB,Heart Golden Shape Fancy Pen Drive,"Mobiles,Tablets & Accessories >> Mobile Accessories >> Pen Drives",https://www.moonboy.in/images/product_img/original_xhdmpuwhxcnbijo.jpg,Active,83.33,Microware Golden Metal Heart Shape 16 GB Pen Drive,â‚¹749,"â‚¹1,300",https://www.flipkart.com/microware-golden-metal-heart-shape-16-gb-pen-drive/p/itmdd2k9mqc6yphv?pid=ACCDCXYHCTTABBHS&srno=s_1_1&otracker=search&lid=LSTACCDCXYHCTTABBHSP5P9KR&qH=93866c858dd27331
652121,QETZ-650-PD66-8GB,Heart Pink Shape Fancy Pen Drive,"Mobiles,Tablets & Accessories >> Mobile Accessories >> Pen Drives",https://www.moonboy.in/images/product_img/original_gsohhty4ze7gej6.jpg,Active,83.33,Microware Heart Shape Pink Jewellery Designer Pen Drive 4 GB,â‚¹699,â‚¹800,https://www.flipkart.com/microware-heart-shape-pink-jewellery-designer-pen-drive-4-gb/p/itmd4gmzkhnkhwys?pid=ACCD4GMYBH575CCM&srno=s_1_1&otracker=search&lid=LSTACCD4GMYBH575CCMWTGFR9&qH=a887fc2c547a4e71
652120,KJVX-650-PD67-8GB,Heart Red Shape Fancy Pen drive,"Mobiles,Tablets & Accessories >> Mobile Accessories >> Pen Drives",https://www.moonboy.in/images/product_img/original_na2dk8wvc9fli4e.jpg,Active,66.67,Microware Heart Shape 8 GB Pen Drive,â‚¹599,"â‚¹1,000",https://www.flipkart.com/microware-heart-shape-8-gb-pen-drive/p/itmdgrxy6maza2x5?pid=ACCDGRXYVYVHEQYS&srno=s_1_1&otracker=search&lid=LSTACCDGRXYVYVHEQYSUJDCOM&qH=72f644fdd6435f31
652119,EUMT-650-PD83-8GB,Horse Brown Shape Fancy Pendrive,"Mobiles,Tablets & Accessories >> Mobile Accessories >> Pen Drives",https://www.moonboy.in/images/product_img/original_guvq60ej2h3jbiv.jpg,Active,100,Microware Horse Brown Shape Designer Fancy Pendrive 16 GB Pen Dri...,â‚¹699,â‚¹999,https://www.flipkart.com/microware-horse-brown-shape-designer-fancy-pendrive-16-gb-pen-drive/p/itmdy8nmx6jyspg8?pid=ACCDY8NKVVWYTHHB&srno=s_1_1&otracker=search&lid=LSTACCDY8NKVVWYTHHBVIIFUQ&qH=5e78ed03beb5cf85
652118,MRAO-650-PD78-8GB,Human Skeleton Fancy Pen drive,"Mobiles,Tablets & Accessories >> Mobile Accessories >> Pen Drives",https://www.moonboy.in/images/product_img/original_yqibgv0r1vfmuwc.jpg,Active,80,Microware Human Skeleton Shape 16 GB Pen Drive,â‚¹699,â‚¹999,https://www.flipkart.com/microware-human-skeleton-shape-16-gb-pen-drive/p/itmdd2kxzfhhzhuz?pid=ACCDCXYHUPGZ8NW5&srno=s_1_1&otracker=search&lid=LSTACCDCXYHUPGZ8NW5ABMQSQ&qH=e184b62a28c0efe0
652117,GIEA-650-PD35-8GB,Ice Cream Shape Fancy Pen drive,"Mobiles,Tablets & Accessories >> Mobile Accessories >> Pen Drives",https://www.moonboy.in/images/product_img/original_qbmt765kfxsl3u8.jpg,Active,83.33,Microware Chocolate Ice Cream Shape 16 GB Pen Drive,â‚¹699,"â‚¹1,000",https://www.flipkart.com/microware-chocolate-ice-cream-shape-16-gb-pen-drive/p/itmda5zynxsfhprv?pid=ACCDA5WXCCNARNYP&srno=s_1_1&otracker=search&lid=LSTACCDA5WXCCNARNYP5DKVZT&qH=ac6e92eb87141b35
652116,SQNE-650-PD84-8GB,Iron Man Shape Fancy Pen drive,"Mobiles,Tablets & Accessories >> Mobile Accessories >> Pen Drives",https://www.moonboy.in/images/product_img/original_imihrtadgywkjqy.jpg,Active,83.33,Microware Iron Man Shape 16 GB Pen Drive,â‚¹699,â‚¹999,https://www.flipkart.com/microware-iron-man-shape-16-gb-pen-drive/p/itmdrkkxhhhvnh9c?pid=ACCDRKKWK8YUHYBG&srno=s_1_1&otracker=search&lid=LSTACCDRKKWK8YUHYBG1NMNX4&qH=a645c547082e92a1
652115,ZALJ-650-PD79-8GB,Jerry Shape Fancy Pen drive,"Mobiles,Tablets & Accessories >> Mobile Accessories >> Pen Drives",https://www.moonboy.in/images/product_img/original_qbhccumotedzw5a.jpg,Active,80,Microware Jerry Brown Shape 8 GB Pen Drive,â‚¹599,â‚¹899,https://www.flipkart.com/microware-jerry-brown-shape-8-gb-pen-drive/p/itmddc9tfg49ba8f?pid=ACCDDC936QE4UASS&srno=s_1_1&otracker=search&lid=LSTACCDDC936QE4UASSSHELZK&qH=80c00fca2e082581
652114,WHCY-650-PD87-8GB,Kungfu Panda Shape Fancy Pen Drive,"Mobiles,Tablets & Accessories >> Mobile Accessories >> Pen Drives",https://www.moonboy.in/images/product_img/original_g9nhhcidn64tbme.jpg,Active,50,Zeztee Action Kung Fu Panda Cartoon Character Shape 8 GB Pen Driv...,â‚¹599,â‚¹749,https://www.flipkart.com/zeztee-action-kung-fu-panda-cartoon-character-shape-8-gb-pen-drive/p/itmedhbkh3gen2z9?pid=ACCEDHBKDHZGHFCG&srno=s_1_1&otracker=search&lid=LSTACCEDHBKDHZGHFCGBTL2IL&qH=7ff7b0cf0adbd0b9
652113,ZQDW-650-PD85-8GB,Ladies Hand Bag Metal Shape Fancy Pen drive,"Mobiles,Tablets & Accessories >> Mobile Accessories >> Pen Drives",https://www.moonboy.in/images/product_img/original_z9hbcxnmx57uzfb.jpg,Active,50,Zeztee Lady Purse Shape Fancy Jewellery Style 16 GB Pen Drive,â‚¹699,"â‚¹1,149",https://www.flipkart.com/zeztee-lady-purse-shape-fancy-jewellery-style-16-gb-pen-drive/p/itmeeq2gqtbnkehg?pid=ACCEEQ2G3VK8HFC6&srno=s_1_1&otracker=search&lid=LSTACCEEQ2G3VK8HFC6CUTGJM&qH=7d6572c953ea350e
652112,TIYC-650-PD88-8GB,Lipstick Shape Fancy Pen drive,"Mobiles,Tablets & Accessories >> Mobile Accessories >> Pen Drives",https://www.moonboy.in/images/product_img/original_b5vh1sz7nm4cup0.jpg,Active,80,Microware Lipstick Shape 16 GB Pen Drive,â‚¹749,"â‚¹1,300",https://www.flipkart.com/microware-lipstick-shape-16-gb-pen-drive/p/itmddc9tbpzyjznf?pid=ACCDDC93WHS5RNUA&srno=s_1_1&otracker=search&lid=LSTACCDDC93WHS5RNUAHL7FQJ&qH=ca9805c71b566dd1
652111,AIFH-650-PD89-8GB,M & M Shape Fancy Pen drive,"Mobiles,Tablets & Accessories >> Mobile Accessories >> Pen Drives",https://www.moonboy.in/images/product_img/original_hf2rg4oo8kvl0wh.jpg,Active,28.57,M Learning Organic Chemistry Video Lectures for Class XI XII CBSE...,"â‚¹15,162",NA,https://www.flipkart.com/m-learning-organic-chemistry-video-lectures-class-xi-xii-cbse-aipmt-aiims-iitjee-advance-mains-windows-os/p/itmeg69wyhxcfswp?pid=EDMEG69WAUGHNZRJ&srno=s_1_1&otracker=search&lid=LSTEDMEG69WAUGHNZRJOGUIKO&qH=f7b3c45308ba8127
652110,MLJX-650-PD91-8GB,Mercedes Benz Key Shape Fancy Pen drive,"Mobiles,Tablets & Accessories >> Mobile Accessories >> Pen Drives",https://www.moonboy.in/images/product_img/original_kqgysljjuzpgvef.jpg,Active,71.43,Microware Mercedes Key Shape Designer 4 GB Pendrive,â‚¹599,â‚¹700,https://www.flipkart.com/microware-mercedes-key-shape-designer-4-gb-pendrive/p/itmd75afsyve5hg2?pid=ACCD75ADF8REPCDH&srno=s_1_1&otracker=search&lid=LSTACCD75ADF8REPCDH1KOLDI&qH=b85bece188bd1950
652109,UWDX-650-PD92-8GB,Metal Ferrari Shape Fancy Pen drive,"Mobiles,Tablets & Accessories >> Mobile Accessories >> Pen Drives",https://www.moonboy.in/images/product_img/original_syivq8pvg4ozmgb.jpg,Active,33.33,Quace F1 Racing Car 8 GB Pen Drive,â‚¹799,NA,https://www.flipkart.com/quace-f1-racing-car-8-gb-pen-drive/p/itme73v3fjfezzfp?pid=ACCE73V3XBZY8KNT&srno=s_1_1&otracker=search&lid=LSTACCE73V3XBZY8KNT6Y1EJL&qH=26e1a0c275ff06a0
652108,JVMI-650-PD93-8GB,Metal Gun Shape Fancy Pen drive,"Mobiles,Tablets & Accessories >> Mobile Accessories >> Pen Drives",https://www.moonboy.in/images/product_img/original_dqjrntibwvnomgk.jpg,Active,83.33,Microware Gun Golden Metal Shape 4 GB Pen Drive,â‚¹699,â‚¹800,https://www.flipkart.com/microware-gun-golden-metal-shape-4-gb-pen-drive/p/itmdrmq3epzpcmfr?pid=ACCDRMQ2EFUZ6GNR&srno=s_1_1&otracker=search&lid=LSTACCDRMQ2EFUZ6GNRONCLQL&qH=328f69144dead2ba
652107,EFWI-650-PD94-8GB,Metal Home Shape Fancy Pen drive,"Mobiles,Tablets & Accessories >> Mobile Accessories >> Pen Drives",https://www.moonboy.in/images/product_img/original_duiswqfcetozjpj.jpg,Active,83.33,eShop Metal Home Shape Keychain 8 GB Pen Drive,â‚¹849,"â‚¹1,399",https://www.flipkart.com/eshop-metal-home-shape-keychain-8-gb-pen-drive/p/itmekd7493fkwzkt?pid=ACCEKD74DRN3W8EV&srno=s_1_1&otracker=search&lid=LSTACCEKD74DRN3W8EV56PBP5&qH=11e17205d01a6b0c
652106,EANT-650-PD95-8GB,Metal Hook Shape Fancy Pendrive,"Mobiles,Tablets & Accessories >> Mobile Accessories >> Pen Drives",https://www.moonboy.in/images/product_img/original_mwetxknbj5aqzh0.jpg,Active,40,Microware Sports Hook Shape 8 GB Pen Drive,â‚¹699,â‚¹900,https://www.flipkart.com/microware-sports-hook-shape-8-gb-pen-drive/p/itmdgrxy3gg4uknw?pid=ACCDGRXYUKPAZZRQ&srno=s_1_1&otracker=search&lid=LSTACCDGRXYUKPAZZRQUYJCOX&qH=804c147d7a0ef613
652105,ZLTK-650-PD100-8GB,Mickey Mouse Shape Fancy Pen drive,"Mobiles,Tablets & Accessories >> Mobile Accessories >> Pen Drives",https://www.moonboy.in/images/product_img/original_klrjvhqd9bky4zy.jpg,Active,66.67,Microware Pink Minni Mouse Shape 32 GB Pen Drive,"â‚¹1,399","â‚¹2,000",https://www.flipkart.com/microware-pink-minni-mouse-shape-32-gb-pen-drive/p/itmdmhgxk5mvdsbs?pid=ACCDMHGWEKQC6EGQ&srno=s_1_1&otracker=search&lid=LSTACCDMHGWEKQC6EGQREAMV4&qH=e3f6a6a5571caa70
652104,JQRO-650-PD190-8GB,Miffy Shape Fancy Pendrive,"Mobiles,Tablets & Accessories >> Mobile Accessories >> Pen Drives",https://www.moonboy.in/images/product_img/original_lsovrvkem25jwao.jpg,Active,75,Microware Miffy Rabbit Shape Designer 8 GB Pendrive,â‚¹599,"â‚¹1,095",https://www.flipkart.com/microware-miffy-rabbit-shape-designer-8-gb-pendrive/p/itmdnymmcqgcykeg?pid=ACCD75ADHGVGWA8D&srno=s_1_1&otracker=search&lid=LSTACCD75ADHGVGWA8DUQWMS4&qH=9eb3de23db1e8a6c
652103,JMWV-650-PD107-8GB,Minnie Mouse Shape Fancy Pen drive,"Mobiles,Tablets & Accessories >> Mobile Accessories >> Pen Drives",https://www.moonboy.in/images/product_img/original_0x6duyr9fcwmxn5.jpg,Active,83.33,Microware Minnie Mouse Shape 16 GB Pen Drive,â‚¹699,â‚¹999,https://www.flipkart.com/microware-minnie-mouse-shape-16-gb-pen-drive/p/itmdd2kxvzj2dxfp?pid=ACCDCXYHU7HJ8FZR&srno=s_1_1&otracker=search&lid=LSTACCDCXYHU7HJ8FZRMPYUPG&qH=a2349d9392101374
652102,ZEHX-650-PD109-8GB,Monkey Shape Fancy Pen drive,"Mobiles,Tablets & Accessories >> Mobile Accessories >> Pen Drives",https://www.moonboy.in/images/product_img/original_dnlf8uviqgrmvyz.jpg,Active,80,Microware Monkey Pink Shape Designer 8 GB Pendrive,â‚¹599,â‚¹800,https://www.flipkart.com/microware-monkey-pink-shape-designer-8-gb-pendrive/p/itmd75agxhj6yqah?pid=ACCD75ADYE5XDZ9B&srno=s_1_1&otracker=search&lid=LSTACCD75ADYE5XDZ9BYAVGXH&qH=f0fe84c72c4772ab
652101,EAMV-650-PD111-8GB,Mouse Shape Fancy Pen drive,"Mobiles,Tablets & Accessories >> Mobile Accessories >> Pen Drives",https://www.moonboy.in/images/product_img/original_rhjhd4e7lzsgfum.jpg,Active,80,Microware Pink Minni Mouse Shape 16 GB Pen Drive,â‚¹699,"â‚¹1,100",https://www.flipkart.com/microware-pink-minni-mouse-shape-16-gb-pen-drive/p/itmdmhgxhhffbtnf?pid=ACCDMHGW3FUGMHDJ&srno=s_1_1&otracker=search&lid=LSTACCDMHGW3FUGMHDJJCFEJC&qH=7cde5ec1dd5203c0
652100,HSZU-650-Pd117-8GB,Music Man 3 Shape Fancy Pendrive,"Mobiles,Tablets & Accessories >> Mobile Accessories >> Pen Drives",https://www.moonboy.in/images/product_img/original_ku0vxqowyzjsfs8.jpg,Active,16.67,ENRG Iron Man Face Silver 8 GB Pen Drive,â‚¹699,â‚¹799,https://www.flipkart.com/enrg-iron-man-face-silver-8-gb-pen-drive/p/itme87szwepsbbns?pid=ACCE87SZANYZRDNW&srno=s_1_1&otracker=search&lid=LSTACCE87SZANYZRDNWXX9SQT&qH=f2cdd8a9f03a0c64
652099,OUFQ-650-PD118-8GB,Nut Shape Fancy Pendrive,"Mobiles,Tablets & Accessories >> Mobile Accessories >> Pen Drives",https://www.moonboy.in/images/product_img/original_9f3agiyxbisokh5.jpg,Active,50,Microware Ground Nut Shape 8 GB Pen Drive,â‚¹599,â‚¹800,https://www.flipkart.com/microware-ground-nut-shape-8-gb-pen-drive/p/itmddc9taevhzkxd?pid=ACCDDC93HFUPFFJG&srno=s_1_1&otracker=search&lid=LSTACCDDC93HFUPFFJGVCTAHL&qH=ee199c1ecd3b6284
652098,CXBZ-650-PD120-8GB,Panda Jewellery Shape Fancy Pendrive,"Mobiles,Tablets & Accessories >> Mobile Accessories >> Pen Drives",https://www.moonboy.in/images/product_img/original_mljxvkttjpr2er8.jpg,Active,60,Microware Panda Shape Jewellery Designer Pen Drive 8 GB,â‚¹699,â‚¹800,https://www.flipkart.com/microware-panda-shape-jewellery-designer-pen-drive-8-gb/p/itmd5yjfawqfxf5b?pid=ACCD5YJFJZYKZKYF&srno=s_1_1&otracker=search&lid=LSTACCD5YJFJZYKZKYFCB1RTU&qH=21e53b98425de5ec
652097,FYSM-650-PD121-8GB,Panda Shape Fancy Pendrive,"Mobiles,Tablets & Accessories >> Mobile Accessories >> Pen Drives",https://www.moonboy.in/images/product_img/original_c1ondtlztmwxpui.jpg,Active,75,Microware Panda Rubber Shape Designer 8 GB Pendrive,â‚¹599,â‚¹799,https://www.flipkart.com/microware-panda-rubber-shape-designer-8-gb-pendrive/p/itmd75aecq8fyarg?pid=ACCD75ADVYDUTWNM&srno=s_1_1&otracker=search&lid=LSTACCD75ADVYDUTWNM0HF4NG&qH=b308bb40109cfc98
652096,LRCQ-650-PD125-8GB,Pen Fancy Pendrive,"Mobiles,Tablets & Accessories >> Mobile Accessories >> Pen Drives",https://www.moonboy.in/images/product_img/original_l1z8ywuabs6vq0i.jpg,Active,33.33,Submarine Royals Pen Gift Set,â‚¹460,â‚¹500,https://www.flipkart.com/submarine-royals-pen-gift-set/p/itmebz384pnn9vfe?pid=PENEBZ38CMKC2Z2P&srno=s_1_1&otracker=search&lid=LSTPENEBZ38CMKC2Z2PNVMCKF&qH=4349227b54ae2581
652095,ZHFY-650-PD126-8GB,Silver Pen Shape Fancy Pendrive,"Mobiles,Tablets & Accessories >> Mobile Accessories >> Pen Drives",https://www.moonboy.in/images/product_img/original_a0tnqfsiux4spve.jpg,Active,60,XElectron Pen Shape Pendrive with Laser Pointer 4 GB Pen Drive,â‚¹469,â‚¹599,https://www.flipkart.com/xelectron-pen-shape-pendrive-laser-pointer-4-gb-drive/p/itmefnc9jkjmggur?pid=ACCEFNC9GY8XYYD6&srno=s_1_1&otracker=search&lid=LSTACCEFNC9GY8XYYD6L3PCYL&qH=6804ac6ea578d5d8
652094,CONX-650-PD128-8GB,Pink Ladies Hand Bag Shape Fancy Pendrive,"Mobiles,Tablets & Accessories >> Mobile Accessories >> Pen Drives",https://www.moonboy.in/images/product_img/original_0vkotbpwdrznrpq.jpg,Active,0,JINX Tote,â‚¹799,â‚¹999,https://www.flipkart.com/jinx-tote/p/itmeqjtbyutey5vz?pid=HMBEQJTBT43KCW3U&srno=s_1_1&otracker=search&lid=LSTHMBEQJTBT43KCW3U000WJC&qH=515e0225a0e596fc
652093,KETJ-650-PD132-8GB,Rose Red Shape Fancy Pendrive,"Mobiles,Tablets & Accessories >> Mobile Accessories >> Pen Drives",https://www.moonboy.in/images/product_img/original_emkvbox8ygirzpn.jpg,Active,40,Printland Red Roses PC162438 16 GB Pen Drive,â‚¹599,"â‚¹1,499",https://www.flipkart.com/printland-red-roses-pc162438-16-gb-pen-drive/p/itmehgvqssxvdguy?pid=ACCEHGVQGYJGU2DJ&srno=s_1_1&otracker=search&lid=LSTACCEHGVQGYJGU2DJN6XKVU&qH=606a0a28cfdfe056
652092,FMTB-650-PD138-8GB,Santa Claus Shape Fancy Pendrive,"Mobiles,Tablets & Accessories >> Mobile Accessories >> Pen Drives",https://www.moonboy.in/images/product_img/original_9lk5ljbtwsaozv4.jpg,Active,80,Microware Santa Claus Shape Fancy 16 GB Pen Drive,â‚¹699,â‚¹999,https://www.flipkart.com/microware-santa-claus-shape-fancy-16-gb-pen-drive/p/itmda5zfkcy2fy4g?pid=ACCDA5XBKYZK5YWP&srno=s_1_1&otracker=search&lid=LSTACCDA5XBKYZK5YWPXL6MDL&qH=f94fb25d41cc3e77
652091,NYJG-650-PD55-8GB,Silver Guitar Metal Fancy Pendrive,"Mobiles,Tablets & Accessories >> Mobile Accessories >> Pen Drives",https://www.moonboy.in/images/product_img/original_czvuiodw5hv6t3t.jpg,Active,20,XElectron Pen Shape Pendrive with Laser Pointer 4 GB Pen Drive,â‚¹469,â‚¹599,https://www.flipkart.com/xelectron-pen-shape-pendrive-laser-pointer-4-gb-drive/p/itmefnc9jkjmggur?pid=ACCEFNC9GY8XYYD6&srno=s_1_1&otracker=search&lid=LSTACCEFNC9GY8XYYD6L3PCYL&qH=3a33e4a8cc68beca
652090,IZEQ-650-PD142-8GB,Silver Key Shape Fancy Pendrive,"Mobiles,Tablets & Accessories >> Mobile Accessories >> Pen Drives",https://www.moonboy.in/images/product_img/original_fv9ma7wua2ymcfg.jpg,Active,40,Bgl Key Shape 8 GB Pen Drive,â‚¹699,â‚¹799,https://www.flipkart.com/bgl-key-shape-8-gb-pen-drive/p/itmea27yge8ccsqe?pid=ACCEA27YAUQ8BFCM&srno=s_1_1&otracker=search&lid=LSTACCEA27YAUQ8BFCMYTH4TK&qH=3c107d9e47316325
652089,EIMT-650-PD143-8GB,Silver Lock Shape Fancy Pendrive,"Mobiles,Tablets & Accessories >> Mobile Accessories >> Pen Drives",https://www.moonboy.in/images/product_img/original_csg0ay2xhbgr3ew.jpg,Active,40,Microware Lock Shape 8 GB Pen Drive,â‚¹699,"â‚¹1,100",https://www.flipkart.com/microware-lock-shape-8-gb-pen-drive/p/itmdgrxygqz5dked?pid=ACCDGRXYB2DEYXXQ&srno=s_1_1&otracker=search&lid=LSTACCDGRXYB2DEYXXQ3TPMKO&qH=b9f86490457de1cd
652088,RFIY-650-PD144-8GB,Slipper Red Shape Fancy Pendrive,"Mobiles,Tablets & Accessories >> Mobile Accessories >> Pen Drives",https://www.moonboy.in/images/product_img/original_adnnq3vhdw2xsgs.jpg,Active,40,The Fappy Store Red Slipper Hot Plug And Play 4 GB Pen Drive,â‚¹479,"â‚¹1,099",https://www.flipkart.com/fappy-store-red-slipper-hot-plug-play-4-gb-pen-drive/p/itme5w4uh44mf23p?pid=ACCE5W4UYABWQ2NG&srno=s_1_1&otracker=search&lid=LSTACCE5W4UYABWQ2NGEJVSN9&qH=86c8ad00867855a1
652087,TWUZ-650-PD150-8GB,Snata Claus Shoes Shape Fancy Pendrive,"Mobiles,Tablets & Accessories >> Mobile Accessories >> Pen Drives",https://www.moonboy.in/images/product_img/original_vtjnxqqt0yg5ims.jpg,Active,0,NA,NA,NA,NA
652086,ZJAP-650-PD151-8GB,Strawberry Shape Fancy Pendrive,"Mobiles,Tablets & Accessories >> Mobile Accessories >> Pen Drives",https://www.moonboy.in/images/product_img/original_ztelj3wmks64cw5.jpg,Active,50,Microware Strawberry Ice Cream Shape 16 GB Pen Drive,â‚¹699,"â‚¹1,000",https://www.flipkart.com/microware-strawberry-ice-cream-shape-16-gb-pen-drive/p/itmddh38fgtwkre5?pid=ACCDDEH6TRCGTZFM&srno=s_1_1&otracker=search&lid=LSTACCDDEH6TRCGTZFM00L63A&qH=4abe24047f063d0b
652085,HRBN-650-PD152-8GB,Super Mario Shape Fancy Pendrive,"Mobiles,Tablets & Accessories >> Mobile Accessories >> Pen Drives",https://www.moonboy.in/images/product_img/original_nsq2prhidf8vywt.jpg,Active,60,Microware Super Mario Shape 16 GB Pen Drive,â‚¹699,â‚¹999,https://www.flipkart.com/microware-super-mario-shape-16-gb-pen-drive/p/itmdd2kxvwqxecsh?pid=ACCDCXYHERVWQAHH&srno=s_1_1&otracker=search&lid=LSTACCDCXYHERVWQAHHZXLFIN&qH=346eef70384d467c
652084,FDBJ-650-PD154-8GB,Tea Pot Black Shape Fancy Pendrive,"Mobiles,Tablets & Accessories >> Mobile Accessories >> Pen Drives",https://www.moonboy.in/images/product_img/original_ft82gzefgdvpkka.jpg,Active,0,NA,NA,NA,NA
652083,UORL-650-PD155-8GB,Tea Pot Brown Shape Fancy Pendrive,"Mobiles,Tablets & Accessories >> Mobile Accessories >> Pen Drives",https://www.moonboy.in/images/product_img/original_rxld6he8gwlqbad.jpg,Active,0,Microware Barking Dog 8 GB Pen Drive,â‚¹599,â‚¹799,https://www.flipkart.com/microware-barking-dog-8-gb-pen-drive/p/itmebd65hgfujkmd?pid=ACCEBD65AFQCKVGU&srno=s_1_1&otracker=search&lid=LSTACCEBD65AFQCKVGUZLXENZ&qH=b93ab3da26aaf032
652082,UAVT-650-PD158-8GB,Tortoise Shape Fancy Pendrive,"Mobiles,Tablets & Accessories >> Mobile Accessories >> Pen Drives",https://www.moonboy.in/images/product_img/original_489dplqqkdyvb2n.jpg,Active,50,Dinosaur Drivers Tortoise Shape 8 GB Pen Drive,â‚¹599,â‚¹799,https://www.flipkart.com/dinosaur-drivers-tortoise-shape-8-gb-pen-drive/p/itmebz7g5gshtqyf?pid=ACCEBZ7GMXUP9AHR&srno=s_1_1&otracker=search&lid=LSTACCEBZ7GMXUP9AHRGHYQEO&qH=e1fce601ba266135
652081,BKCT-650-PD160-8GB,Truck Blue Shape Fancy Pendrive,"Mobiles,Tablets & Accessories >> Mobile Accessories >> Pen Drives",https://www.moonboy.in/images/product_img/original_cwofddz0fnb2jhr.jpg,Active,20,Microware Owl Shape 8 GB Pen Drive,â‚¹599,â‚¹799,https://www.flipkart.com/microware-owl-shape-8-gb-pen-drive/p/itme8ttcmhhfm7x8?pid=ACCE8TTCHBYNNDSG&srno=s_1_1&otracker=search&lid=LSTACCE8TTCHBYNNDSGZJMREH&qH=1acebc760d4d9162
652080,ZUOK-650-PD161-8GB,Truck K-Line Fancy Pendrive,"Mobiles,Tablets & Accessories >> Mobile Accessories >> Pen Drives",https://www.moonboy.in/images/product_img/original_xymvghqj789rkia.jpg,Active,50,Microware Truck K-Line Shape 16 GB Pen Drive,â‚¹689,"â‚¹1,000",https://www.flipkart.com/microware-truck-k-line-shape-16-gb-pen-drive/p/itmda5zfatamqd8y?pid=ACCDA5XBGPGSZZJR&srno=s_1_1&otracker=search&lid=LSTACCDA5XBGPGSZZJRVDEHZ6&qH=7900c12c1bc1d3cd
652079,EAZU-650-PD162-8GB,Winnie Pooh Cartoon Shape Fancy Pendrive,"Mobiles,Tablets & Accessories >> Mobile Accessories >> Pen Drives",https://www.moonboy.in/images/product_img/original_yqxk2geq8hw9kju.jpg,Active,83.33,Microware Winnie Pooh Cartoon Shape Fancy 16 GB Pen Drive,â‚¹699,â‚¹999,https://www.flipkart.com/microware-winnie-pooh-cartoon-shape-fancy-16-gb-pen-drive/p/itmda5zycjeejzra?pid=ACCDA5WXAYCJWGED&srno=s_1_1&otracker=search&lid=LSTACCDA5WXAYCJWGEDUPBHLQ&qH=572ec5ec501a7085
652078,WKLT-650-PD165-8GB,Wrist Band Black Fancy Pendrive,"Mobiles,Tablets & Accessories >> Mobile Accessories >> Pen Drives",https://www.moonboy.in/images/product_img/original_lwue9i3klcvwo1v.jpg,Active,60,eShop FANCY DESIGNER USB WRIST SLAP BAND FLASH DRIVE 4 GB Pen Dri...,â‚¹599,â‚¹999,https://www.flipkart.com/eshop-fancy-designer-usb-wrist-slap-band-flash-drive-4-gb-pen/p/itmeqrfx7j38qcsz?pid=ACCEQRFQS2HZQGWH&srno=s_1_1&otracker=search&lid=LSTACCEQRFQS2HZQGWHQ0IHQK&qH=85f86a1099b3f29a
652077,EBFA-650-PD166-8GB,Wrist Band Blue Fancy Pendrive,"Mobiles,Tablets & Accessories >> Mobile Accessories >> Pen Drives",https://www.moonboy.in/images/product_img/original_xcluofwpg9khy6i.jpg,Active,60,eShop Wrist Slap Band Fancy Designer USB 8 GB Pen Drive,â‚¹710,"â‚¹1,299",https://www.flipkart.com/eshop-wrist-slap-band-fancy-designer-usb-8-gb-pen-drive/p/itmeqe3ymrt2jhuh?pid=ACCEQE3YVHYBY2UE&srno=s_1_1&otracker=search&lid=LSTACCEQE3YVHYBY2UE4EWDEF&qH=e241abf7b366cb74
652076,AVHU-650-PD167-8GB,Wrist Band Green Fancy Pendrive,"Mobiles,Tablets & Accessories >> Mobile Accessories >> Pen Drives",https://www.moonboy.in/images/product_img/original_ebsflsyuhv2bnam.jpg,Active,40,eShop Silicone Slap Wrist Band USB Flash Drive 4 GB Pen Drive,â‚¹599,â‚¹999,https://www.flipkart.com/eshop-silicone-slap-wrist-band-usb-flash-drive-4-gb-pen/p/itmeqd6r2fpqzq8v?pid=ACCEQD6RVWUHKWED&srno=s_1_1&otracker=search&lid=LSTACCEQD6RVWUHKWEDDVKORO&qH=93e75017f575c823
652075,OTKY-650-PD168-8GB,Wrist Band Red Fancy Pendrive,"Mobiles,Tablets & Accessories >> Mobile Accessories >> Pen Drives",https://www.moonboy.in/images/product_img/original_sultkp5ah29igqm.jpg,Active,60,Smiledrive Fancy Designer Wristband 16 GB Pen Drive,â‚¹799,â‚¹999,https://www.flipkart.com/smiledrive-fancy-designer-wristband-16-gb-pen-drive/p/itmdmwzzrebvwdsz?pid=ACCDMUFWGNTMNHJC&srno=s_1_1&otracker=search&lid=LSTACCDMUFWGNTMNHJCJNIJDC&qH=f52db47201b34b93
652074,OWLR-650-PD171-8GB,Wrist Band White Fancy Pendrive,"Mobiles,Tablets & Accessories >> Mobile Accessories >> Pen Drives",https://www.moonboy.in/images/product_img/original_es3jfy2igym5kqu.jpg,Active,60,eShop Fancy Original Slap Wrist Band USB Flash Drive 8 GB Pen Dri...,â‚¹710,"â‚¹1,299",https://www.flipkart.com/eshop-fancy-original-slap-wrist-band-usb-flash-drive-8-gb-pen/p/itmeqp4vaxfhqpv2?pid=ACCEQP4VJNBYRJGB&srno=s_1_1&otracker=search&lid=LSTACCEQP4VJNBYRJGBJZBQDY&qH=d541fb067e1fa6c9
652073,ETQM-650-PD172-8GB,X Mas Tree Fancy Pendrive,"Mobiles,Tablets & Accessories >> Mobile Accessories >> Pen Drives",https://www.moonboy.in/images/product_img/original_bqjr8kmokneh7md.jpg,Active,60,Printland Credit Card Xmas Tree 8 GB Pen Drive,â‚¹549,"â‚¹1,299",https://www.flipkart.com/printland-credit-card-xmas-tree-8-gb-pen-drive/p/itme26tzpqgjqrws?pid=ACCE26TZ4WX3YFZB&srno=s_1_1&otracker=search&lid=LSTACCE26TZ4WX3YFZB4KH4WG&qH=d63606bae78ebe8c
652072,YVST-650-PD173-8GB,Zodiac Sign Libra 8 GB Pen Drive,"Mobiles,Tablets & Accessories >> Mobile Accessories >> Pen Drives",https://www.moonboy.in/images/product_img/original_gjfqbuktwvarmcn.jpg,Active,100,Microware Zodiac Sign Libra 8GB 8 GB Pen Drive,â‚¹699,â‚¹799,https://www.flipkart.com/microware-zodiac-sign-libra-8gb-8-gb-pen-drive/p/itme5y8gr2gmygq6?pid=ACCE5Y8GWGEYGDZY&srno=s_1_1&otracker=search&lid=LSTACCE5Y8GWGEYGDZY9UA9UH&qH=0073109cce06bd50
652071,FKDY-650-PD174-8GB,Zodiac Sign Scorpio 8 GB Pen Drive,"Mobiles,Tablets & Accessories >> Mobile Accessories >> Pen Drives",https://www.moonboy.in/images/product_img/original_g25ixmcz1yczbx6.jpg,Active,100,Microware Zodiac Sign Scorpio 8GB 8 GB Pen Drive,â‚¹699,â‚¹799,https://www.flipkart.com/microware-zodiac-sign-scorpio-8gb-8-gb-pen-drive/p/itme5y8gjp9aumhj?pid=ACCE5Y8GZ3BGFYMA&srno=s_1_1&otracker=search&lid=LSTACCE5Y8GZ3BGFYMA80ODU0&qH=4c3072c2b72e4424
652070,ZCLI-650-PD175-8GB,Zodiac Sign Cancer 8 GB Pen Drive,"Mobiles,Tablets & Accessories >> Mobile Accessories >> Pen Drives",https://www.moonboy.in/images/product_img/original_y3jnictsxek2hpw.jpg,Active,71.43,Microware Zodiac Sign Pisces 16GB 16 GB Pen Drive,â‚¹749,NA,NA
652069,NSJQ-650-PD176-8GB,Zodiac Sign Taurus 8 GB Pen Drive,"Mobiles,Tablets & Accessories >> Mobile Accessories >> Pen Drives",https://www.moonboy.in/images/product_img/original_15nle9q43ojiytn.jpg,Active,100,Microware Zodiac Sign Taurus 8GB 8 GB Pen Drive,â‚¹599,â‚¹799,https://www.flipkart.com/microware-zodiac-sign-taurus-8gb-8-gb-pen-drive/p/itme5y8gtdjvq4g4?pid=ACCE5Y8GD3KACNTX&srno=s_1_1&otracker=search&lid=LSTACCE5Y8GD3KACNTXGVSD8T&qH=dac12c8b21644119
652068,FCXW-650-PD177-8GB,Zodiac Sign Virgo 8 GB Pen Drive,"Mobiles,Tablets & Accessories >> Mobile Accessories >> Pen Drives",https://www.moonboy.in/images/product_img/original_p5iigr6yl3azpqw.jpg,Active,100,Microware Zodiac Sign Virgo 8GB 8 GB Pen Drive,â‚¹699,â‚¹799,https://www.flipkart.com/microware-zodiac-sign-virgo-8gb-8-gb-pen-drive/p/itme5y8gcza8fkdb?pid=ACCE5Y8GFMZYRWQ5&srno=s_1_1&otracker=search&lid=LSTACCE5Y8GFMZYRWQ5CTWK2B&qH=2146b9aeb3343d43
652067,ZFPB-650-PD178-8GB,Zodiac Sign Leo 8 GB Pen Drive,"Mobiles,Tablets & Accessories >> Mobile Accessories >> Pen Drives",https://www.moonboy.in/images/product_img/original_qhfwcu83qxzbs1g.jpg,Active,100,Microware Zodiac Sign Leo 8GB 8 GB Pen Drive,â‚¹699,â‚¹799,https://www.flipkart.com/microware-zodiac-sign-leo-8gb-8-gb-pen-drive/p/itme5y8gbptaf59m?pid=ACCE5Y8GGZFKCPHY&srno=s_1_1&otracker=search&lid=LSTACCE5Y8GGZFKCPHYDYQQ3B&qH=75114653737f58f5
652066,KYAG-650-PD179-8GB,Zodiac Sign Capricorn 8 GB Pen Drive,"Mobiles,Tablets & Accessories >> Mobile Accessories >> Pen Drives",https://www.moonboy.in/images/product_img/original_yuylbwmbhotts59.jpg,Active,85.71,Microware Zodiac Sign Scorpio 8GB 8 GB Pen Drive,â‚¹699,â‚¹799,https://www.flipkart.com/microware-zodiac-sign-scorpio-8gb-8-gb-pen-drive/p/itme5y8gjp9aumhj?pid=ACCE5Y8GZ3BGFYMA&srno=s_1_1&otracker=search&lid=LSTACCE5Y8GZ3BGFYMA80ODU0&qH=79c3118235b3e0bc
652065,GRVH-650-PD180-8GB,Zodiac Sign Pisces 8 GB Pen Drive,"Mobiles,Tablets & Accessories >> Mobile Accessories >> Pen Drives",https://www.moonboy.in/images/product_img/original_ehu3zhd5m9xfgvf.jpg,Active,85.71,Microware Zodiac Sign Virgo 8GB 8 GB Pen Drive,â‚¹699,â‚¹799,https://www.flipkart.com/microware-zodiac-sign-virgo-8gb-8-gb-pen-drive/p/itme5y8gcza8fkdb?pid=ACCE5Y8GFMZYRWQ5&srno=s_1_1&otracker=search&lid=LSTACCE5Y8GFMZYRWQ5CTWK2B&qH=cb269ca33b403a9b
652064,DPAJ-650-PD181-8GB,Zodiac Sign Gemini 8 GB Pen Drive,"Mobiles,Tablets & Accessories >> Mobile Accessories >> Pen Drives",https://www.moonboy.in/images/product_img/original_76xmrl8yn5udjwf.jpg,Active,85.71,Microware Zodiac Sign Libra 8GB 8 GB Pen Drive,â‚¹699,â‚¹799,https://www.flipkart.com/microware-zodiac-sign-libra-8gb-8-gb-pen-drive/p/itme5y8gr2gmygq6?pid=ACCE5Y8GWGEYGDZY&srno=s_1_1&otracker=search&lid=LSTACCE5Y8GWGEYGDZY9UA9UH&qH=d87416c43e0dc337
652063,KIAC-650-PD182-8GB,Zodiac Sign Sagittarus 8 GB Pen Drive,"Mobiles,Tablets & Accessories >> Mobile Accessories >> Pen Drives",https://www.moonboy.in/images/product_img/original_cgxhdetd9zylouj.jpg,Active,85.71,Microware Zodiac Sign Leo 8GB 8 GB Pen Drive,â‚¹699,â‚¹799,https://www.flipkart.com/microware-zodiac-sign-leo-8gb-8-gb-pen-drive/p/itme5y8gbptaf59m?pid=ACCE5Y8GGZFKCPHY&srno=s_1_1&otracker=search&lid=LSTACCE5Y8GGZFKCPHYDYQQ3B&qH=ef4f2a7f4b1f13f3
652062,NGWT-650-PD183-8GB,Zodiac Sign Aquarius 8 GB Pen Drive,"Mobiles,Tablets & Accessories >> Mobile Accessories >> Pen Drives",https://www.moonboy.in/images/product_img/original_wa4zdf92yksri0b.jpg,Active,85.71,Microware Zodiac Sign Leo 8GB 8 GB Pen Drive,â‚¹699,â‚¹799,https://www.flipkart.com/microware-zodiac-sign-leo-8gb-8-gb-pen-drive/p/itme5y8gbptaf59m?pid=ACCE5Y8GGZFKCPHY&srno=s_1_1&otracker=search&lid=LSTACCE5Y8GGZFKCPHYDYQQ3B&qH=36fb7d9df36f41f4
652061,EALD-650-PD184-8GB,Zodiac Sign Aries 8 GB Pen Drive,"Mobiles,Tablets & Accessories >> Mobile Accessories >> Pen Drives",https://www.moonboy.in/images/product_img/original_4m6jfywod2bf3x7.jpg,Active,100,Microware Zodiac Sign Aries 8GB 8 GB Pen Drive,â‚¹699,â‚¹799,https://www.flipkart.com/microware-zodiac-sign-aries-8gb-8-gb-pen-drive/p/itme5y8g5xkq38zq?pid=ACCE5Y8GWY9DW3H9&srno=s_1_1&otracker=search&lid=LSTACCE5Y8GWY9DW3H9F5GIOT&qH=e54e2753848fd8f5
